INSERT INTO public.mctor_locations (id_location,level_value)
VALUES ('0','*');
INSERT INTO service.mctor_loc_political (town,region,country,continent)
VALUES ('Isola del Giglio (GR)','Tuscany','Italy','Europe');
INSERT INTO public.mctor_an_meta (id_analysis, team)
VALUES ('0','Lattanzi');
INSERT INTO public.mctor_samples (id_sample, id_location, type)
VALUES ('0','0','O');
INSERT INTO public.mctor_an_pb_isotopes (id_sample,id_analysis,pb_iso_208_206,pb_iso_207_206,pb_iso_206_204)
VALUES ('0','0','2.07966','0.8366','18.7677');
INSERT INTO public.mctor_samples (id_sample, id_location, type)
VALUES ('1','0','O');
INSERT INTO public.mctor_an_pb_isotopes (id_sample,id_analysis,pb_iso_208_206,pb_iso_207_206,pb_iso_206_204)
VALUES ('1','0','2.08117','0.83687','18.779');
INSERT INTO public.mctor_locations (id_location,level_value)
VALUES ('1','**');
INSERT INTO service.mctor_loc_political (town,region,country,continent)
VALUES ('UNK - Isola d’Elba (LI)','Tuscany','Italy','Europe');
INSERT INTO public.mctor_samples (id_sample, id_location, type)
VALUES ('2','1','O');
INSERT INTO public.mctor_an_pb_isotopes (id_sample,id_analysis,pb_iso_208_206,pb_iso_207_206,pb_iso_206_204)
VALUES ('2','0','2.07969','0.8375','18.7427');
INSERT INTO public.mctor_samples (id_sample, id_location, type)
VALUES ('3','1','O');
INSERT INTO public.mctor_an_pb_isotopes (id_sample,id_analysis,pb_iso_208_206,pb_iso_207_206,pb_iso_206_204)
VALUES ('3','0','2.079891','0.8374','18.738');
INSERT INTO public.mctor_samples (id_sample, id_location, type)
VALUES ('4','1','O');
INSERT INTO public.mctor_an_pb_isotopes (id_sample,id_analysis,pb_iso_208_206,pb_iso_207_206,pb_iso_206_204)
VALUES ('4','0','2.08172','0.83788','18.7611');
INSERT INTO public.mctor_samples (id_sample, id_location, type)
VALUES ('5','1','O');
INSERT INTO public.mctor_an_pb_isotopes (id_sample,id_analysis,pb_iso_208_206,pb_iso_207_206,pb_iso_206_204)
VALUES ('5','0','2.07994','0.83756','18.735');
INSERT INTO public.mctor_samples (id_sample, id_location, type)
VALUES ('6','1','O');
INSERT INTO public.mctor_an_pb_isotopes (id_sample,id_analysis,pb_iso_208_206,pb_iso_207_206,pb_iso_206_204)
VALUES ('6','0','2.07878','0.8373','18.7407');
INSERT INTO public.mctor_samples (id_sample, id_location, type)
VALUES ('7','1','O');
INSERT INTO public.mctor_an_pb_isotopes (id_sample,id_analysis,pb_iso_208_206,pb_iso_207_206,pb_iso_206_204)
VALUES ('7','0','2.08396','0.83815','18.788');
INSERT INTO public.mctor_samples (id_sample, id_location, type)
VALUES ('8','1','O');
INSERT INTO public.mctor_an_pb_isotopes (id_sample,id_analysis,pb_iso_208_206,pb_iso_207_206,pb_iso_206_204)
VALUES ('8','0','2.07937','0.83749','18.7435');
INSERT INTO public.mctor_samples (id_sample, id_location, type)
VALUES ('9','1','O');
INSERT INTO public.mctor_an_pb_isotopes (id_sample,id_analysis,pb_iso_208_206,pb_iso_207_206,pb_iso_206_204)
VALUES ('9','0','2.07928','0.83745','18.7447');
INSERT INTO public.mctor_locations (id_location,level_value)
VALUES ('2','Acquaresi');
INSERT INTO service.mctor_loc_political (town,region,country,continent)
VALUES ('Iglesias (SU)','Sardinia','Italy','Europe');
INSERT INTO public.mctor_an_meta (id_analysis, team)
VALUES ('1','NHG');
INSERT INTO public.mctor_samples (id_sample, id_location, type)
VALUES ('10','2','O');
INSERT INTO public.mctor_an_pb_isotopes (id_sample,id_analysis,pb_iso_208_206,pb_iso_207_206,pb_iso_206_204)
VALUES ('10','1','2.12074','0.87416','17.85');
INSERT INTO public.mctor_locations (id_location,level_value)
VALUES ('3','Masua');
INSERT INTO service.mctor_loc_political (town,region,country,continent)
VALUES ('Iglesias (SU)','Sardinia','Italy','Europe');
INSERT INTO public.mctor_samples (id_sample, id_location, type)
VALUES ('11','3','O');
INSERT INTO public.mctor_an_pb_isotopes (id_sample,id_analysis,pb_iso_208_206,pb_iso_207_206,pb_iso_206_204)
VALUES ('11','1','2.12297','0.87509','17.851');
INSERT INTO public.mctor_samples (id_sample, id_location, type)
VALUES ('12','2','O');
INSERT INTO public.mctor_an_pb_isotopes (id_sample,id_analysis,pb_iso_208_206,pb_iso_207_206,pb_iso_206_204)
VALUES ('12','1','2.11701','0.87065','17.947');
INSERT INTO public.mctor_locations (id_location,level_value)
VALUES ('4','Calabona');
INSERT INTO service.mctor_loc_political (town,region,country,continent)
VALUES ('Alghero (SS)','Sardinia','Italy','Europe');
INSERT INTO public.mctor_samples (id_sample, id_location, type)
VALUES ('13','4','O');
INSERT INTO public.mctor_an_pb_isotopes (id_sample,id_analysis,pb_iso_208_206,pb_iso_207_206,pb_iso_206_204)
VALUES ('13','1','2.10334','0.8606','18.144');
INSERT INTO public.mctor_locations (id_location,level_value)
VALUES ('5','Passo di Correboi');
INSERT INTO service.mctor_loc_political (town,region,country,continent)
VALUES ('Villagrande Strisaili (NU)','Sardinia','Italy','Europe');
INSERT INTO public.mctor_samples (id_sample, id_location, type)
VALUES ('14','5','O');
INSERT INTO public.mctor_an_pb_isotopes (id_sample,id_analysis,pb_iso_208_206,pb_iso_207_206,pb_iso_206_204)
VALUES ('14','1','2.0988','0.85555','18.27');
INSERT INTO public.mctor_locations (id_location,level_value)
VALUES ('6','Argentiera');
INSERT INTO service.mctor_loc_political (town,region,country,continent)
VALUES ('Sassari (SS)','Sardinia','Italy','Europe');
INSERT INTO public.mctor_samples (id_sample, id_location, type)
VALUES ('15','6','O');
INSERT INTO public.mctor_an_pb_isotopes (id_sample,id_analysis,pb_iso_208_206,pb_iso_207_206,pb_iso_206_204)
VALUES ('15','1','2.10683','0.85667','18.31');
INSERT INTO public.mctor_samples (id_sample, id_location, type)
VALUES ('16','6','O');
INSERT INTO public.mctor_an_pb_isotopes (id_sample,id_analysis,pb_iso_208_206,pb_iso_207_206,pb_iso_206_204)
VALUES ('16','1','2.10564','0.85609','18.278');
INSERT INTO public.mctor_samples (id_sample, id_location, type)
VALUES ('17','6','O');
INSERT INTO public.mctor_an_pb_isotopes (id_sample,id_analysis,pb_iso_208_206,pb_iso_207_206,pb_iso_206_204)
VALUES ('17','1','2.10624','0.85758','18.233');
INSERT INTO public.mctor_locations (id_location,level_value)
VALUES ('7','Bau Arenas');
INSERT INTO service.mctor_loc_political (town,region,country,continent)
VALUES ('Tertenia (NU)','Sardinia','Italy','Europe');
INSERT INTO public.mctor_samples (id_sample, id_location, type)
VALUES ('18','7','O');
INSERT INTO public.mctor_an_pb_isotopes (id_sample,id_analysis,pb_iso_208_206,pb_iso_207_206,pb_iso_206_204)
VALUES ('18','1','2.0994','0.85795','18.224');
INSERT INTO public.mctor_locations (id_location,level_value)
VALUES ('8','Malfidano');
INSERT INTO service.mctor_loc_political (town,region,country,continent)
VALUES ('Buggerru (SU)','Sardinia','Italy','Europe');
INSERT INTO public.mctor_samples (id_sample, id_location, type)
VALUES ('19','8','O');
INSERT INTO public.mctor_an_pb_isotopes (id_sample,id_analysis,pb_iso_208_206,pb_iso_207_206,pb_iso_206_204)
VALUES ('19','1','2.12175','0.87466','17.848');
INSERT INTO public.mctor_an_meta (id_analysis, team)
VALUES ('2','SSG');
INSERT INTO public.mctor_samples (id_sample, id_location, type)
VALUES ('20','4','O');
INSERT INTO public.mctor_an_pb_isotopes (id_sample,id_analysis,pb_iso_208_206,pb_iso_207_206,pb_iso_206_204)
VALUES ('20','2','2.08715','0.84474','18.538');
INSERT INTO public.mctor_samples (id_sample, id_location, type)
VALUES ('21','4','O');
INSERT INTO public.mctor_an_pb_isotopes (id_sample,id_analysis,pb_iso_208_206,pb_iso_207_206,pb_iso_206_204)
VALUES ('21','2','2.08925','0.84694','18.4976');
INSERT INTO public.mctor_samples (id_sample, id_location, type)
VALUES ('22','4','O');
INSERT INTO public.mctor_an_pb_isotopes (id_sample,id_analysis,pb_iso_208_206,pb_iso_207_206,pb_iso_206_204)
VALUES ('22','2','2.09437','0.85169','18.3973');
INSERT INTO public.mctor_an_meta (id_analysis, team)
VALUES ('3','*****');
INSERT INTO public.mctor_samples (id_sample, id_location, type)
VALUES ('23','4','O');
INSERT INTO public.mctor_an_pb_isotopes (id_sample,id_analysis,pb_iso_208_206,pb_iso_207_206,pb_iso_206_204)
VALUES ('23','3','2.08575','0.84364','18.54');
INSERT INTO public.mctor_samples (id_sample, id_location, type)
VALUES ('24','4','O');
INSERT INTO public.mctor_an_pb_isotopes (id_sample,id_analysis,pb_iso_208_206,pb_iso_207_206,pb_iso_206_204)
VALUES ('24','2','2.09004','0.84524','18.533');
INSERT INTO public.mctor_samples (id_sample, id_location, type)
VALUES ('25','4','O');
INSERT INTO public.mctor_an_pb_isotopes (id_sample,id_analysis,pb_iso_208_206,pb_iso_207_206,pb_iso_206_204)
VALUES ('25','2','2.08952','0.84494','18.5328');
INSERT INTO public.mctor_samples (id_sample, id_location, type)
VALUES ('26','4','O');
INSERT INTO public.mctor_an_pb_isotopes (id_sample,id_analysis,pb_iso_208_206,pb_iso_207_206,pb_iso_206_204)
VALUES ('26','2','2.08883','0.84507','18.52968');
INSERT INTO public.mctor_samples (id_sample, id_location, type)
VALUES ('27','4','O');
INSERT INTO public.mctor_an_pb_isotopes (id_sample,id_analysis,pb_iso_208_206,pb_iso_207_206,pb_iso_206_204)
VALUES ('27','2','2.08095','0.84364','18.5935');
INSERT INTO public.mctor_samples (id_sample, id_location, type)
VALUES ('28','4','O');
INSERT INTO public.mctor_an_pb_isotopes (id_sample,id_analysis,pb_iso_208_206,pb_iso_207_206,pb_iso_206_204)
VALUES ('28','2','2.07223','0.83809','18.707');
INSERT INTO public.mctor_samples (id_sample, id_location, type)
VALUES ('29','4','O');
INSERT INTO public.mctor_an_pb_isotopes (id_sample,id_analysis,pb_iso_208_206,pb_iso_207_206,pb_iso_206_204)
VALUES ('29','2','2.0876','0.84428','18.5485');
INSERT INTO public.mctor_samples (id_sample, id_location, type)
VALUES ('30','4','O');
INSERT INTO public.mctor_an_pb_isotopes (id_sample,id_analysis,pb_iso_208_206,pb_iso_207_206,pb_iso_206_204)
VALUES ('30','2','2.08853','0.84449','18.5509');
INSERT INTO public.mctor_samples (id_sample, id_location, type)
VALUES ('31','4','O');
INSERT INTO public.mctor_an_pb_isotopes (id_sample,id_analysis,pb_iso_208_206,pb_iso_207_206,pb_iso_206_204)
VALUES ('31','2','2.08031','0.84162','18.605');
INSERT INTO public.mctor_samples (id_sample, id_location, type)
VALUES ('32','4','O');
INSERT INTO public.mctor_an_pb_isotopes (id_sample,id_analysis,pb_iso_208_206,pb_iso_207_206,pb_iso_206_204)
VALUES ('32','2','2.08642','0.84452','18.5299');
INSERT INTO public.mctor_samples (id_sample, id_location, type)
VALUES ('33','4','O');
INSERT INTO public.mctor_an_pb_isotopes (id_sample,id_analysis,pb_iso_208_206,pb_iso_207_206,pb_iso_206_204)
VALUES ('33','2','2.09175','0.84894','18.47377');
INSERT INTO public.mctor_samples (id_sample, id_location, type)
VALUES ('34','4','O');
INSERT INTO public.mctor_an_pb_isotopes (id_sample,id_analysis,pb_iso_208_206,pb_iso_207_206,pb_iso_206_204)
VALUES ('34','2','2.08795','0.84493','18.51749');
INSERT INTO public.mctor_samples (id_sample, id_location, type)
VALUES ('35','4','O');
INSERT INTO public.mctor_an_pb_isotopes (id_sample,id_analysis,pb_iso_208_206,pb_iso_207_206,pb_iso_206_204)
VALUES ('35','2','2.07226','0.83866','18.692');
INSERT INTO public.mctor_samples (id_sample, id_location, type)
VALUES ('36','4','O');
INSERT INTO public.mctor_an_pb_isotopes (id_sample,id_analysis,pb_iso_208_206,pb_iso_207_206,pb_iso_206_204)
VALUES ('36','2','2.08553','0.84385','18.538');
INSERT INTO public.mctor_samples (id_sample, id_location, type)
VALUES ('37','4','O');
INSERT INTO public.mctor_an_pb_isotopes (id_sample,id_analysis,pb_iso_208_206,pb_iso_207_206,pb_iso_206_204)
VALUES ('37','2','2.09009','0.84484','18.54988');
INSERT INTO public.mctor_samples (id_sample, id_location, type)
VALUES ('38','4','O');
INSERT INTO public.mctor_an_pb_isotopes (id_sample,id_analysis,pb_iso_208_206,pb_iso_207_206,pb_iso_206_204)
VALUES ('38','2','2.08668','0.84437','18.536');
INSERT INTO public.mctor_locations (id_location,level_value)
VALUES ('9','Capo Marrargiu');
INSERT INTO service.mctor_loc_political (town,region,country,continent)
VALUES ('Bosa (OR)','Sardinia','Italy','Europe');
INSERT INTO public.mctor_an_meta (id_analysis, team)
VALUES ('4','NHG/SSG');
INSERT INTO public.mctor_samples (id_sample, id_location, type)
VALUES ('39','9','O');
INSERT INTO public.mctor_an_pb_isotopes (id_sample,id_analysis,pb_iso_208_206,pb_iso_207_206,pb_iso_206_204)
VALUES ('39','4','2.0829','0.84305','18.526');
INSERT INTO public.mctor_samples (id_sample, id_location, type)
VALUES ('40','9','O');
INSERT INTO public.mctor_an_pb_isotopes (id_sample,id_analysis,pb_iso_208_206,pb_iso_207_206,pb_iso_206_204)
VALUES ('40','4','2.0919','0.84416','18.563');
INSERT INTO public.mctor_samples (id_sample, id_location, type)
VALUES ('41','9','O');
INSERT INTO public.mctor_an_pb_isotopes (id_sample,id_analysis,pb_iso_208_206,pb_iso_207_206,pb_iso_206_204)
VALUES ('41','4','2.08438','0.84255','18.5967');
INSERT INTO public.mctor_samples (id_sample, id_location, type)
VALUES ('42','9','O');
INSERT INTO public.mctor_an_pb_isotopes (id_sample,id_analysis,pb_iso_208_206,pb_iso_207_206,pb_iso_206_204)
VALUES ('42','4','2.08823','0.84331','18.6305');
INSERT INTO public.mctor_samples (id_sample, id_location, type)
VALUES ('43','9','O');
INSERT INTO public.mctor_an_pb_isotopes (id_sample,id_analysis,pb_iso_208_206,pb_iso_207_206,pb_iso_206_204)
VALUES ('43','4','2.08437','0.84255','18.594');
INSERT INTO public.mctor_samples (id_sample, id_location, type)
VALUES ('44','9','O');
INSERT INTO public.mctor_an_pb_isotopes (id_sample,id_analysis,pb_iso_208_206,pb_iso_207_206,pb_iso_206_204)
VALUES ('44','4','2.0858','0.84339','18.535');
INSERT INTO public.mctor_samples (id_sample, id_location, type)
VALUES ('45','9','O');
INSERT INTO public.mctor_an_pb_isotopes (id_sample,id_analysis,pb_iso_208_206,pb_iso_207_206,pb_iso_206_204)
VALUES ('45','4','2.0821','0.84229','18.57');
INSERT INTO public.mctor_samples (id_sample, id_location, type)
VALUES ('46','9','O');
INSERT INTO public.mctor_an_pb_isotopes (id_sample,id_analysis,pb_iso_208_206,pb_iso_207_206,pb_iso_206_204)
VALUES ('46','4','2.08869','0.84395','18.5759');
INSERT INTO public.mctor_samples (id_sample, id_location, type)
VALUES ('47','9','O');
INSERT INTO public.mctor_an_pb_isotopes (id_sample,id_analysis,pb_iso_208_206,pb_iso_207_206,pb_iso_206_204)
VALUES ('47','4','2.08889','0.84399','18.576');
INSERT INTO public.mctor_samples (id_sample, id_location, type)
VALUES ('48','9','O');
INSERT INTO public.mctor_an_pb_isotopes (id_sample,id_analysis,pb_iso_208_206,pb_iso_207_206,pb_iso_206_204)
VALUES ('48','4','2.08876','0.84393','18.573');
INSERT INTO public.mctor_locations (id_location,level_value)
VALUES ('10','Genna Tres Montis');
INSERT INTO service.mctor_loc_political (town,region,country,continent)
VALUES ('Silius (SU)','Sardinia','Italy','Europe');
INSERT INTO public.mctor_an_meta (id_analysis, team)
VALUES ('5','C. Moretti');
INSERT INTO public.mctor_samples (id_sample, id_location, type)
VALUES ('49','10','O');
INSERT INTO public.mctor_an_pb_isotopes (id_sample,id_analysis,pb_iso_208_206,pb_iso_207_206,pb_iso_206_204)
VALUES ('49','5','2.10456','0.85712','18.33149');
INSERT INTO public.mctor_samples (id_sample, id_location, type)
VALUES ('50','10','O');
INSERT INTO public.mctor_an_pb_isotopes (id_sample,id_analysis,pb_iso_208_206,pb_iso_207_206,pb_iso_206_204)
VALUES ('50','5','2.10411','0.85709','18.3395');
INSERT INTO public.mctor_locations (id_location,level_value)
VALUES ('11','Guzzurra');
INSERT INTO service.mctor_loc_political (town,region,country,continent)
VALUES ('Lula (NU)','Sardinia','Italy','Europe');
INSERT INTO public.mctor_samples (id_sample, id_location, type)
VALUES ('51','11','O');
INSERT INTO public.mctor_an_pb_isotopes (id_sample,id_analysis,pb_iso_208_206,pb_iso_207_206,pb_iso_206_204)
VALUES ('51','1','2.09644','0.85524','18.287');
INSERT INTO public.mctor_locations (id_location,level_value)
VALUES ('12','Li Menduli');
INSERT INTO service.mctor_loc_political (town,region,country,continent)
VALUES ('Bortigiadas (SS)','Sardinia','Italy','Europe');
INSERT INTO public.mctor_an_meta (id_analysis, team)
VALUES ('6','Tylecote');
INSERT INTO public.mctor_samples (id_sample, id_location, type)
VALUES ('52','12','O');
INSERT INTO public.mctor_an_pb_isotopes (id_sample,id_analysis,pb_iso_208_206,pb_iso_207_206,pb_iso_206_204)
VALUES ('52','6','2.09233','0.85406','18.303');
INSERT INTO public.mctor_locations (id_location,level_value)
VALUES ('13','Mont’Ega');
INSERT INTO service.mctor_loc_political (town,region,country,continent)
VALUES ('Narcao (SU)','Sardinia','Italy','Europe');
INSERT INTO public.mctor_samples (id_sample, id_location, type)
VALUES ('53','13','O');
INSERT INTO public.mctor_an_pb_isotopes (id_sample,id_analysis,pb_iso_208_206,pb_iso_207_206,pb_iso_206_204)
VALUES ('53','1','2.10776','0.85695','18.365');
INSERT INTO public.mctor_samples (id_sample, id_location, type)
VALUES ('54','4','O');
INSERT INTO public.mctor_an_pb_isotopes (id_sample,id_analysis,pb_iso_208_206,pb_iso_207_206,pb_iso_206_204)
VALUES ('54','1','2.09109','0.85273','18.349');
INSERT INTO public.mctor_locations (id_location,level_value)
VALUES ('14','Monte Tamara');
INSERT INTO service.mctor_loc_political (town,region,country,continent)
VALUES ('Nuxis (SU)','Sardinia','Italy','Europe');
INSERT INTO public.mctor_samples (id_sample, id_location, type)
VALUES ('55','14','O');
INSERT INTO public.mctor_an_pb_isotopes (id_sample,id_analysis,pb_iso_208_206,pb_iso_207_206,pb_iso_206_204)
VALUES ('55','1','2.10256','0.85739','18.357');
INSERT INTO public.mctor_locations (id_location,level_value)
VALUES ('15','Monte Nieddu');
INSERT INTO service.mctor_loc_political (town,region,country,continent)
VALUES ('Orroli (SU)','Sardinia','Italy','Europe');
INSERT INTO public.mctor_samples (id_sample, id_location, type)
VALUES ('56','15','O');
INSERT INTO public.mctor_an_pb_isotopes (id_sample,id_analysis,pb_iso_208_206,pb_iso_207_206,pb_iso_206_204)
VALUES ('56','6','2.0923','0.85595','18.304');
INSERT INTO public.mctor_an_meta (id_analysis, team)
VALUES ('7','SSG/NHG');
INSERT INTO public.mctor_samples (id_sample, id_location, type)
VALUES ('57','4','O');
INSERT INTO public.mctor_an_pb_isotopes (id_sample,id_analysis,pb_iso_208_206,pb_iso_207_206,pb_iso_206_204)
VALUES ('57','7','2.07397','0.84367','18.505');
INSERT INTO public.mctor_an_meta (id_analysis, team)
VALUES ('8','Lo Schiavo/NHG');
INSERT INTO public.mctor_samples (id_sample, id_location, type)
VALUES ('58','4','O');
INSERT INTO public.mctor_an_pb_isotopes (id_sample,id_analysis,pb_iso_208_206,pb_iso_207_206,pb_iso_206_204)
VALUES ('58','8','2.08186','0.84298','18.501');
INSERT INTO public.mctor_samples (id_sample, id_location, type)
VALUES ('59','4','O');
INSERT INTO public.mctor_an_pb_isotopes (id_sample,id_analysis,pb_iso_208_206,pb_iso_207_206,pb_iso_206_204)
VALUES ('59','8','2.09294','0.84613','18.559');
INSERT INTO public.mctor_samples (id_sample, id_location, type)
VALUES ('60','4','O');
INSERT INTO public.mctor_an_pb_isotopes (id_sample,id_analysis,pb_iso_208_206,pb_iso_207_206,pb_iso_206_204)
VALUES ('60','8','2.08897','0.84526','18.494');
INSERT INTO public.mctor_locations (id_location,level_value)
VALUES ('16','Nebida');
INSERT INTO service.mctor_loc_political (town,region,country,continent)
VALUES ('Iglesias (SU)','Sardinia','Italy','Europe');
INSERT INTO public.mctor_an_meta (id_analysis, team)
VALUES ('9','Lo Schiavo');
INSERT INTO public.mctor_samples (id_sample, id_location, type)
VALUES ('61','16','O');
INSERT INTO public.mctor_an_pb_isotopes (id_sample,id_analysis,pb_iso_208_206,pb_iso_207_206,pb_iso_206_204)
VALUES ('61','9','2.12616','0.87511','17.91');
INSERT INTO public.mctor_samples (id_sample, id_location, type)
VALUES ('62','16','O');
INSERT INTO public.mctor_an_pb_isotopes (id_sample,id_analysis,pb_iso_208_206,pb_iso_207_206,pb_iso_206_204)
VALUES ('62','9','2.11812','0.8706','17.968');
INSERT INTO public.mctor_locations (id_location,level_value)
VALUES ('17','Ortu Sanu');
INSERT INTO service.mctor_loc_political (town,region,country,continent)
VALUES ('Ozieri (SS)','Sardinia','Italy','Europe');
INSERT INTO public.mctor_samples (id_sample, id_location, type)
VALUES ('63','17','O');
INSERT INTO public.mctor_an_pb_isotopes (id_sample,id_analysis,pb_iso_208_206,pb_iso_207_206,pb_iso_206_204)
VALUES ('63','6','2.09377','0.85434','18.345');
INSERT INTO public.mctor_locations (id_location,level_value)
VALUES ('18','Perdu Marras');
INSERT INTO service.mctor_loc_political (town,region,country,continent)
VALUES ('Fluminimaggiore (SU)','Sardinia','Italy','Europe');
INSERT INTO public.mctor_samples (id_sample, id_location, type)
VALUES ('64','18','O');
INSERT INTO public.mctor_an_pb_isotopes (id_sample,id_analysis,pb_iso_208_206,pb_iso_207_206,pb_iso_206_204)
VALUES ('64','4','2.12516','0.87481','17.908');
INSERT INTO public.mctor_locations (id_location,level_value)
VALUES ('19','Perdas de Fogu');
INSERT INTO service.mctor_loc_political (town,region,country,continent)
VALUES ('Fluminimaggiore (SU)','Sardinia','Italy','Europe');
INSERT INTO public.mctor_samples (id_sample, id_location, type)
VALUES ('65','19','O');
INSERT INTO public.mctor_an_pb_isotopes (id_sample,id_analysis,pb_iso_208_206,pb_iso_207_206,pb_iso_206_204)
VALUES ('65','4','2.11027','0.8641','18.1');
INSERT INTO public.mctor_samples (id_sample, id_location, type)
VALUES ('66','19','O');
INSERT INTO public.mctor_an_pb_isotopes (id_sample,id_analysis,pb_iso_208_206,pb_iso_207_206,pb_iso_206_204)
VALUES ('66','4','2.109332','0.86284','18.1346492');
INSERT INTO public.mctor_locations (id_location,level_value)
VALUES ('20','Sa Lilla');
INSERT INTO service.mctor_loc_political (town,region,country,continent)
VALUES ('Armungia (SU)','Sardinia','Italy','Europe');
INSERT INTO public.mctor_an_meta (id_analysis, team)
VALUES ('10','Zwicker');
INSERT INTO public.mctor_samples (id_sample, id_location, type)
VALUES ('67','20','O');
INSERT INTO public.mctor_an_pb_isotopes (id_sample,id_analysis,pb_iso_208_206,pb_iso_207_206,pb_iso_206_204)
VALUES ('67','10','2.09241','0.85453','18.313');
INSERT INTO public.mctor_locations (id_location,level_value)
VALUES ('21','S’Acqua Arrubia');
INSERT INTO service.mctor_loc_political (town,region,country,continent)
VALUES ('Villaputzu (SU)','Sardinia','Italy','Europe');
INSERT INTO public.mctor_samples (id_sample, id_location, type)
VALUES ('68','21','O');
INSERT INTO public.mctor_an_pb_isotopes (id_sample,id_analysis,pb_iso_208_206,pb_iso_207_206,pb_iso_206_204)
VALUES ('68','4','2.10236','0.8553','19.531');
INSERT INTO public.mctor_samples (id_sample, id_location, type)
VALUES ('69','4','O');
INSERT INTO public.mctor_an_pb_isotopes (id_sample,id_analysis,pb_iso_208_206,pb_iso_207_206,pb_iso_206_204)
VALUES ('69','10','2.0932','0.85472','18.305');
INSERT INTO public.mctor_samples (id_sample, id_location, type)
VALUES ('70','4','O');
INSERT INTO public.mctor_an_pb_isotopes (id_sample,id_analysis,pb_iso_208_206,pb_iso_207_206,pb_iso_206_204)
VALUES ('70','1','2.09583','0.84657','18.491');
INSERT INTO public.mctor_samples (id_sample, id_location, type)
VALUES ('71','4','O');
INSERT INTO public.mctor_an_pb_isotopes (id_sample,id_analysis,pb_iso_208_206,pb_iso_207_206,pb_iso_206_204)
VALUES ('71','1','2.09293','0.85141','18.282');
INSERT INTO public.mctor_samples (id_sample, id_location, type)
VALUES ('72','4','O');
INSERT INTO public.mctor_an_pb_isotopes (id_sample,id_analysis,pb_iso_208_206,pb_iso_207_206,pb_iso_206_204)
VALUES ('72','1','2.08032','0.84461','18.477');
INSERT INTO public.mctor_samples (id_sample, id_location, type)
VALUES ('73','4','O');
INSERT INTO public.mctor_an_pb_isotopes (id_sample,id_analysis,pb_iso_208_206,pb_iso_207_206,pb_iso_206_204)
VALUES ('73','1','2.09907','0.85925','18.111');
INSERT INTO public.mctor_locations (id_location,level_value)
VALUES ('22','San Benedetto');
INSERT INTO service.mctor_loc_political (town,region,country,continent)
VALUES ('Iglesias (SU)','Sardinia','Italy','Europe');
INSERT INTO public.mctor_samples (id_sample, id_location, type)
VALUES ('74','22','O');
INSERT INTO public.mctor_an_pb_isotopes (id_sample,id_analysis,pb_iso_208_206,pb_iso_207_206,pb_iso_206_204)
VALUES ('74','1','2.12251','0.87364','17.911');
INSERT INTO public.mctor_locations (id_location,level_value)
VALUES ('23','Serra S’Illixi');
INSERT INTO service.mctor_loc_political (town,region,country,continent)
VALUES ('Sinnai (CA)','Sardinia','Italy','Europe');
INSERT INTO public.mctor_samples (id_sample, id_location, type)
VALUES ('75','23','O');
INSERT INTO public.mctor_an_pb_isotopes (id_sample,id_analysis,pb_iso_208_206,pb_iso_207_206,pb_iso_206_204)
VALUES ('75','1','2.09637','0.85212','18.387');
INSERT INTO public.mctor_samples (id_sample, id_location, type)
VALUES ('76','23','O');
INSERT INTO public.mctor_an_pb_isotopes (id_sample,id_analysis,pb_iso_208_206,pb_iso_207_206,pb_iso_206_204)
VALUES ('76','1','2.09846','0.85297','18.405');
INSERT INTO public.mctor_locations (id_location,level_value)
VALUES ('24','S’Ortu Becciu');
INSERT INTO service.mctor_loc_political (town,region,country,continent)
VALUES ('Donori (SU)','Sardinia','Italy','Europe');
INSERT INTO public.mctor_samples (id_sample, id_location, type)
VALUES ('77','24','O');
INSERT INTO public.mctor_an_pb_isotopes (id_sample,id_analysis,pb_iso_208_206,pb_iso_207_206,pb_iso_206_204)
VALUES ('77','1','2.09663','0.85285','18.332');
INSERT INTO public.mctor_locations (id_location,level_value)
VALUES ('25','Sos Enattos');
INSERT INTO service.mctor_loc_political (town,region,country,continent)
VALUES ('Lula (NU)','Sardinia','Italy','Europe');
INSERT INTO public.mctor_samples (id_sample, id_location, type)
VALUES ('78','25','O');
INSERT INTO public.mctor_an_pb_isotopes (id_sample,id_analysis,pb_iso_208_206,pb_iso_207_206,pb_iso_206_204)
VALUES ('78','1','2.09597','0.85296','18.325');
INSERT INTO public.mctor_locations (id_location,level_value)
VALUES ('26','Su Mulloni');
INSERT INTO service.mctor_loc_political (town,region,country,continent)
VALUES ('Villaputzu (SU)','Sardinia','Italy','Europe');
INSERT INTO public.mctor_samples (id_sample, id_location, type)
VALUES ('79','26','O');
INSERT INTO public.mctor_an_pb_isotopes (id_sample,id_analysis,pb_iso_208_206,pb_iso_207_206,pb_iso_206_204)
VALUES ('79','1','2.0963','0.84869','18.47');
INSERT INTO public.mctor_locations (id_location,level_value)
VALUES ('27','Su Elzu');
INSERT INTO service.mctor_loc_political (town,region,country,continent)
VALUES ('Ozieri (SS)','Sardinia','Italy','Europe');
INSERT INTO public.mctor_samples (id_sample, id_location, type)
VALUES ('80','27','O');
INSERT INTO public.mctor_an_pb_isotopes (id_sample,id_analysis,pb_iso_208_206,pb_iso_207_206,pb_iso_206_204)
VALUES ('80','6','2.10461','0.85604','18.362');
INSERT INTO public.mctor_locations (id_location,level_value)
VALUES ('28','Terrapadedda');
INSERT INTO service.mctor_loc_political (town,region,country,continent)
VALUES ('San Teodoro (SS)','Sardinia','Italy','Europe');
INSERT INTO public.mctor_samples (id_sample, id_location, type)
VALUES ('81','28','O');
INSERT INTO public.mctor_an_pb_isotopes (id_sample,id_analysis,pb_iso_208_206,pb_iso_207_206,pb_iso_206_204)
VALUES ('81','6','2.0941','0.8533','18.401');
INSERT INTO public.mctor_locations (id_location,level_value)
VALUES ('29','Terras Nieddas');
INSERT INTO service.mctor_loc_political (town,region,country,continent)
VALUES ('Fluminimaggiore (SU)','Sardinia','Italy','Europe');
INSERT INTO public.mctor_samples (id_sample, id_location, type)
VALUES ('82','29','O');
INSERT INTO public.mctor_an_pb_isotopes (id_sample,id_analysis,pb_iso_208_206,pb_iso_207_206,pb_iso_206_204)
VALUES ('82','1','2.1186','0.86813','18.082');
INSERT INTO public.mctor_locations (id_location,level_value)
VALUES ('30','Monte Tramentu');
INSERT INTO service.mctor_loc_political (town,region,country,continent)
VALUES ('Ozieri (SS)','Sardinia','Italy','Europe');
INSERT INTO public.mctor_samples (id_sample, id_location, type)
VALUES ('83','30','O');
INSERT INTO public.mctor_an_pb_isotopes (id_sample,id_analysis,pb_iso_208_206,pb_iso_207_206,pb_iso_206_204)
VALUES ('83','6','2.09255','0.85005','18.437');
INSERT INTO public.mctor_locations (id_location,level_value)
VALUES ('31','San Giovanni');
INSERT INTO service.mctor_loc_political (town,region,country,continent)
VALUES ('Iglesias (SU)','Sardinia','Italy','Europe');
INSERT INTO public.mctor_samples (id_sample, id_location, type)
VALUES ('84','31','O');
INSERT INTO public.mctor_an_pb_isotopes (id_sample,id_analysis,pb_iso_208_206,pb_iso_207_206,pb_iso_206_204)
VALUES ('84','6','2.11024','0.86539','18.092');
INSERT INTO public.mctor_locations (id_location,level_value)
VALUES ('32','Monti Mannu');
INSERT INTO service.mctor_loc_political (town,region,country,continent)
VALUES ('Villacidro (SU)','Sardinia','Italy','Europe');
INSERT INTO public.mctor_samples (id_sample, id_location, type)
VALUES ('85','32','O');
INSERT INTO public.mctor_an_pb_isotopes (id_sample,id_analysis,pb_iso_208_206,pb_iso_207_206,pb_iso_206_204)
VALUES ('85','1','2.10095','0.85937','18.195');
INSERT INTO public.mctor_samples (id_sample, id_location, type)
VALUES ('86','32','O');
INSERT INTO public.mctor_an_pb_isotopes (id_sample,id_analysis,pb_iso_208_206,pb_iso_207_206,pb_iso_206_204)
VALUES ('86','1','2.10411','0.85978','18.232');
INSERT INTO public.mctor_samples (id_sample, id_location, type)
VALUES ('87','32','O');
INSERT INTO public.mctor_an_pb_isotopes (id_sample,id_analysis,pb_iso_208_206,pb_iso_207_206,pb_iso_206_204)
VALUES ('87','1','2.1056','0.86013','18.235');
INSERT INTO public.mctor_samples (id_sample, id_location, type)
VALUES ('88','32','O');
INSERT INTO public.mctor_an_pb_isotopes (id_sample,id_analysis,pb_iso_208_206,pb_iso_207_206,pb_iso_206_204)
VALUES ('88','1','2.10557','0.85991','18.223');
INSERT INTO public.mctor_locations (id_location,level_value)
VALUES ('33','Montevecchio');
INSERT INTO service.mctor_loc_political (town,region,country,continent)
VALUES ('Guspini (SU)','Sardinia','Italy','Europe');
INSERT INTO public.mctor_samples (id_sample, id_location, type)
VALUES ('89','33','O');
INSERT INTO public.mctor_an_pb_isotopes (id_sample,id_analysis,pb_iso_208_206,pb_iso_207_206,pb_iso_206_204)
VALUES ('89','1','2.10525','0.85922','18.205');
INSERT INTO public.mctor_samples (id_sample, id_location, type)
VALUES ('90','33','O');
INSERT INTO public.mctor_an_pb_isotopes (id_sample,id_analysis,pb_iso_208_206,pb_iso_207_206,pb_iso_206_204)
VALUES ('90','1','2.10551','0.8602','18.179');
INSERT INTO public.mctor_samples (id_sample, id_location, type)
VALUES ('91','33','O');
INSERT INTO public.mctor_an_pb_isotopes (id_sample,id_analysis,pb_iso_208_206,pb_iso_207_206,pb_iso_206_204)
VALUES ('91','1','2.10698','0.86028','18.208');
INSERT INTO public.mctor_samples (id_sample, id_location, type)
VALUES ('92','33','O');
INSERT INTO public.mctor_an_pb_isotopes (id_sample,id_analysis,pb_iso_208_206,pb_iso_207_206,pb_iso_206_204)
VALUES ('92','4','2.10539','0.86011','18.17');
INSERT INTO public.mctor_samples (id_sample, id_location, type)
VALUES ('93','33','O');
INSERT INTO public.mctor_an_pb_isotopes (id_sample,id_analysis,pb_iso_208_206,pb_iso_207_206,pb_iso_206_204)
VALUES ('93','4','2.1073','0.86057','18.203');
INSERT INTO public.mctor_samples (id_sample, id_location, type)
VALUES ('94','33','O');
INSERT INTO public.mctor_an_pb_isotopes (id_sample,id_analysis,pb_iso_208_206,pb_iso_207_206,pb_iso_206_204)
VALUES ('94','4','2.11118','0.86373','18.136');
INSERT INTO public.mctor_samples (id_sample, id_location, type)
VALUES ('95','33','O');
INSERT INTO public.mctor_an_pb_isotopes (id_sample,id_analysis,pb_iso_208_206,pb_iso_207_206,pb_iso_206_204)
VALUES ('95','4','2.10634','0.86257','18.097');
INSERT INTO public.mctor_samples (id_sample, id_location, type)
VALUES ('96','33','O');
INSERT INTO public.mctor_an_pb_isotopes (id_sample,id_analysis,pb_iso_208_206,pb_iso_207_206,pb_iso_206_204)
VALUES ('96','4','2.10613','0.86335','18.083');
INSERT INTO public.mctor_samples (id_sample, id_location, type)
VALUES ('97','33','O');
INSERT INTO public.mctor_an_pb_isotopes (id_sample,id_analysis,pb_iso_208_206,pb_iso_207_206,pb_iso_206_204)
VALUES ('97','4','2.10698','0.86028','18.208');
INSERT INTO public.mctor_samples (id_sample, id_location, type)
VALUES ('98','33','O');
INSERT INTO public.mctor_an_pb_isotopes (id_sample,id_analysis,pb_iso_208_206,pb_iso_207_206,pb_iso_206_204)
VALUES ('98','4','2.1116','0.86422','18.105');
INSERT INTO public.mctor_samples (id_sample, id_location, type)
VALUES ('99','33','O');
INSERT INTO public.mctor_an_pb_isotopes (id_sample,id_analysis,pb_iso_208_206,pb_iso_207_206,pb_iso_206_204)
VALUES ('99','4','2.10783','0.86341','18.107');
INSERT INTO public.mctor_locations (id_location,level_value)
VALUES ('34','Funtana Raminosa');
INSERT INTO service.mctor_loc_political (town,region,country,continent)
VALUES ('Gadoni (NU)','Sardinia','Italy','Europe');
INSERT INTO public.mctor_samples (id_sample, id_location, type)
VALUES ('100','34','O');
INSERT INTO public.mctor_an_pb_isotopes (id_sample,id_analysis,pb_iso_208_206,pb_iso_207_206,pb_iso_206_204)
VALUES ('100','1','2.09895','0.85676','18.254');
INSERT INTO public.mctor_samples (id_sample, id_location, type)
VALUES ('101','34','O');
INSERT INTO public.mctor_an_pb_isotopes (id_sample,id_analysis,pb_iso_208_206,pb_iso_207_206,pb_iso_206_204)
VALUES ('101','1','2.09758','0.85737','18.197');
INSERT INTO public.mctor_samples (id_sample, id_location, type)
VALUES ('102','34','O');
INSERT INTO public.mctor_an_pb_isotopes (id_sample,id_analysis,pb_iso_208_206,pb_iso_207_206,pb_iso_206_204)
VALUES ('102','1','2.10325','0.8587','18.214');
INSERT INTO public.mctor_samples (id_sample, id_location, type)
VALUES ('103','34','O');
INSERT INTO public.mctor_an_pb_isotopes (id_sample,id_analysis,pb_iso_208_206,pb_iso_207_206,pb_iso_206_204)
VALUES ('103','10','2.10378','0.86196','18.103');
INSERT INTO public.mctor_samples (id_sample, id_location, type)
VALUES ('104','34','O');
INSERT INTO public.mctor_an_pb_isotopes (id_sample,id_analysis,pb_iso_208_206,pb_iso_207_206,pb_iso_206_204)
VALUES ('104','10','2.09861','0.85773','18.212');
INSERT INTO public.mctor_samples (id_sample, id_location, type)
VALUES ('105','34','O');
INSERT INTO public.mctor_an_pb_isotopes (id_sample,id_analysis,pb_iso_208_206,pb_iso_207_206,pb_iso_206_204)
VALUES ('105','10','2.09502','0.85599','18.203');
INSERT INTO public.mctor_samples (id_sample, id_location, type)
VALUES ('106','34','O');
INSERT INTO public.mctor_an_pb_isotopes (id_sample,id_analysis,pb_iso_208_206,pb_iso_207_206,pb_iso_206_204)
VALUES ('106','10','2.10004','0.85808','18.225');
INSERT INTO public.mctor_samples (id_sample, id_location, type)
VALUES ('107','34','O');
INSERT INTO public.mctor_an_pb_isotopes (id_sample,id_analysis,pb_iso_208_206,pb_iso_207_206,pb_iso_206_204)
VALUES ('107','10','2.10179','0.85814','18.244');
INSERT INTO public.mctor_samples (id_sample, id_location, type)
VALUES ('108','34','O');
INSERT INTO public.mctor_an_pb_isotopes (id_sample,id_analysis,pb_iso_208_206,pb_iso_207_206,pb_iso_206_204)
VALUES ('108','10','2.09413','0.85448','18.293');
INSERT INTO public.mctor_samples (id_sample, id_location, type)
VALUES ('109','34','O');
INSERT INTO public.mctor_an_pb_isotopes (id_sample,id_analysis,pb_iso_208_206,pb_iso_207_206,pb_iso_206_204)
VALUES ('109','10','2.10017','0.85732','18.236');
INSERT INTO public.mctor_samples (id_sample, id_location, type)
VALUES ('110','34','O');
INSERT INTO public.mctor_an_pb_isotopes (id_sample,id_analysis,pb_iso_208_206,pb_iso_207_206,pb_iso_206_204)
VALUES ('110','10','2.10355','0.85919','18.243');
INSERT INTO public.mctor_samples (id_sample, id_location, type)
VALUES ('111','34','O');
INSERT INTO public.mctor_an_pb_isotopes (id_sample,id_analysis,pb_iso_208_206,pb_iso_207_206,pb_iso_206_204)
VALUES ('111','6','2.09932','0.85712','18.248');
INSERT INTO public.mctor_locations (id_location,level_value)
VALUES ('35','Pranu Sanguni');
INSERT INTO service.mctor_loc_political (town,region,country,continent)
VALUES ('Silius (SU)','Sardinia','Italy','Europe');
INSERT INTO public.mctor_samples (id_sample, id_location, type)
VALUES ('112','35','O');
INSERT INTO public.mctor_an_pb_isotopes (id_sample,id_analysis,pb_iso_208_206,pb_iso_207_206,pb_iso_206_204)
VALUES ('112','4','2.09782','0.85582','18.28');
INSERT INTO public.mctor_samples (id_sample, id_location, type)
VALUES ('113','35','O');
INSERT INTO public.mctor_an_pb_isotopes (id_sample,id_analysis,pb_iso_208_206,pb_iso_207_206,pb_iso_206_204)
VALUES ('113','4','2.10086','0.85619','18.303');
INSERT INTO public.mctor_samples (id_sample, id_location, type)
VALUES ('114','35','O');
INSERT INTO public.mctor_an_pb_isotopes (id_sample,id_analysis,pb_iso_208_206,pb_iso_207_206,pb_iso_206_204)
VALUES ('114','4','2.10012','0.85611','18.29');
INSERT INTO public.mctor_samples (id_sample, id_location, type)
VALUES ('115','35','O');
INSERT INTO public.mctor_an_pb_isotopes (id_sample,id_analysis,pb_iso_208_206,pb_iso_207_206,pb_iso_206_204)
VALUES ('115','4','2.10007','0.85619','18.296');
INSERT INTO public.mctor_samples (id_sample, id_location, type)
VALUES ('116','35','O');
INSERT INTO public.mctor_an_pb_isotopes (id_sample,id_analysis,pb_iso_208_206,pb_iso_207_206,pb_iso_206_204)
VALUES ('116','4','2.10154','0.85637','18.3');
INSERT INTO public.mctor_samples (id_sample, id_location, type)
VALUES ('117','35','O');
INSERT INTO public.mctor_an_pb_isotopes (id_sample,id_analysis,pb_iso_208_206,pb_iso_207_206,pb_iso_206_204)
VALUES ('117','4','2.10156','0.85635','18.324');
INSERT INTO public.mctor_samples (id_sample, id_location, type)
VALUES ('118','35','O');
INSERT INTO public.mctor_an_pb_isotopes (id_sample,id_analysis,pb_iso_208_206,pb_iso_207_206,pb_iso_206_204)
VALUES ('118','4','2.10498','0.85813','18.321');
INSERT INTO public.mctor_samples (id_sample, id_location, type)
VALUES ('119','35','O');
INSERT INTO public.mctor_an_pb_isotopes (id_sample,id_analysis,pb_iso_208_206,pb_iso_207_206,pb_iso_206_204)
VALUES ('119','4','2.10312','0.85734','18.27');
INSERT INTO public.mctor_samples (id_sample, id_location, type)
VALUES ('120','35','O');
INSERT INTO public.mctor_an_pb_isotopes (id_sample,id_analysis,pb_iso_208_206,pb_iso_207_206,pb_iso_206_204)
VALUES ('120','4','2.1004615','0.8561786','18.312296');
INSERT INTO public.mctor_samples (id_sample, id_location, type)
VALUES ('121','35','O');
INSERT INTO public.mctor_an_pb_isotopes (id_sample,id_analysis,pb_iso_208_206,pb_iso_207_206,pb_iso_206_204)
VALUES ('121','4','2.099968','0.8561333','18.310318');
INSERT INTO public.mctor_samples (id_sample, id_location, type)
VALUES ('122','35','O');
INSERT INTO public.mctor_an_pb_isotopes (id_sample,id_analysis,pb_iso_208_206,pb_iso_207_206,pb_iso_206_204)
VALUES ('122','4','2.10099','0.85622','18.317');
INSERT INTO public.mctor_locations (id_location,level_value)
VALUES ('36','Canale Barisone');
INSERT INTO service.mctor_loc_political (town,region,country,continent)
VALUES ('Torpè (NU)','Sardinia','Italy','Europe');
INSERT INTO public.mctor_samples (id_sample, id_location, type)
VALUES ('123','36','O');
INSERT INTO public.mctor_an_pb_isotopes (id_sample,id_analysis,pb_iso_208_206,pb_iso_207_206,pb_iso_206_204)
VALUES ('123','1','2.09616','0.84785','18.452');
INSERT INTO public.mctor_samples (id_sample, id_location, type)
VALUES ('124','36','O');
INSERT INTO public.mctor_an_pb_isotopes (id_sample,id_analysis,pb_iso_208_206,pb_iso_207_206,pb_iso_206_204)
VALUES ('124','1','2.09869','0.84837','18.475');
INSERT INTO public.mctor_samples (id_sample, id_location, type)
VALUES ('125','36','O');
INSERT INTO public.mctor_an_pb_isotopes (id_sample,id_analysis,pb_iso_208_206,pb_iso_207_206,pb_iso_206_204)
VALUES ('125','1','2.09902','0.84818','18.475');
INSERT INTO public.mctor_samples (id_sample, id_location, type)
VALUES ('126','36','O');
INSERT INTO public.mctor_an_pb_isotopes (id_sample,id_analysis,pb_iso_208_206,pb_iso_207_206,pb_iso_206_204)
VALUES ('126','1','2.09916','0.84832','18.48');
INSERT INTO public.mctor_samples (id_sample, id_location, type)
VALUES ('127','36','O');
INSERT INTO public.mctor_an_pb_isotopes (id_sample,id_analysis,pb_iso_208_206,pb_iso_207_206,pb_iso_206_204)
VALUES ('127','1','2.10099','0.84872','18.497');
INSERT INTO public.mctor_samples (id_sample, id_location, type)
VALUES ('128','36','O');
INSERT INTO public.mctor_an_pb_isotopes (id_sample,id_analysis,pb_iso_208_206,pb_iso_207_206,pb_iso_206_204)
VALUES ('128','1','2.1039223','0.859441','18.247729');
INSERT INTO public.mctor_samples (id_sample, id_location, type)
VALUES ('129','36','O');
INSERT INTO public.mctor_an_pb_isotopes (id_sample,id_analysis,pb_iso_208_206,pb_iso_207_206,pb_iso_206_204)
VALUES ('129','1','2.1052849','0.8598413','18.252867');
INSERT INTO public.mctor_samples (id_sample, id_location, type)
VALUES ('130','36','O');
INSERT INTO public.mctor_an_pb_isotopes (id_sample,id_analysis,pb_iso_208_206,pb_iso_207_206,pb_iso_206_204)
VALUES ('130','1','2.10005','0.84858','18.491');
INSERT INTO public.mctor_samples (id_sample, id_location, type)
VALUES ('131','36','O');
INSERT INTO public.mctor_an_pb_isotopes (id_sample,id_analysis,pb_iso_208_206,pb_iso_207_206,pb_iso_206_204)
VALUES ('131','1','2.10191','0.84888','18.504');
INSERT INTO public.mctor_samples (id_sample, id_location, type)
VALUES ('132','36','O');
INSERT INTO public.mctor_an_pb_isotopes (id_sample,id_analysis,pb_iso_208_206,pb_iso_207_206,pb_iso_206_204)
VALUES ('132','6','2.08999','849.0','18.42');
INSERT INTO public.mctor_locations (id_location,level_value)
VALUES ('37','Castello di Bonvehi');
INSERT INTO service.mctor_loc_political (town,region,country,continent)
VALUES ('Mara (SS)','Sardinia','Italy','Europe');
INSERT INTO public.mctor_samples (id_sample, id_location, type)
VALUES ('133','37','O');
INSERT INTO public.mctor_an_pb_isotopes (id_sample,id_analysis,pb_iso_208_206,pb_iso_207_206,pb_iso_206_204)
VALUES ('133','4','2.07272','0.83719','18.675');
INSERT INTO public.mctor_samples (id_sample, id_location, type)
VALUES ('134','37','O');
INSERT INTO public.mctor_an_pb_isotopes (id_sample,id_analysis,pb_iso_208_206,pb_iso_207_206,pb_iso_206_204)
VALUES ('134','4','2.07476','0.83716','18.71528');
INSERT INTO public.mctor_samples (id_sample, id_location, type)
VALUES ('135','37','O');
INSERT INTO public.mctor_an_pb_isotopes (id_sample,id_analysis,pb_iso_208_206,pb_iso_207_206,pb_iso_206_204)
VALUES ('135','4','2.07359','0.8373','18.676');
INSERT INTO public.mctor_samples (id_sample, id_location, type)
VALUES ('136','37','O');
INSERT INTO public.mctor_an_pb_isotopes (id_sample,id_analysis,pb_iso_208_206,pb_iso_207_206,pb_iso_206_204)
VALUES ('136','4','2.075236','0.83718','18.7231');
INSERT INTO public.mctor_samples (id_sample, id_location, type)
VALUES ('137','37','O');
INSERT INTO public.mctor_an_pb_isotopes (id_sample,id_analysis,pb_iso_208_206,pb_iso_207_206,pb_iso_206_204)
VALUES ('137','4','2.07471','0.83711','18.7175');
INSERT INTO public.mctor_samples (id_sample, id_location, type)
VALUES ('138','37','O');
INSERT INTO public.mctor_an_pb_isotopes (id_sample,id_analysis,pb_iso_208_206,pb_iso_207_206,pb_iso_206_204)
VALUES ('138','4','2.07779','0.8377096','18.7423');
INSERT INTO public.mctor_samples (id_sample, id_location, type)
VALUES ('139','37','O');
INSERT INTO public.mctor_an_pb_isotopes (id_sample,id_analysis,pb_iso_208_206,pb_iso_207_206,pb_iso_206_204)
VALUES ('139','4','2.07475','0.8371','18.7135');
INSERT INTO public.mctor_samples (id_sample, id_location, type)
VALUES ('140','37','O');
INSERT INTO public.mctor_an_pb_isotopes (id_sample,id_analysis,pb_iso_208_206,pb_iso_207_206,pb_iso_206_204)
VALUES ('140','4','2.07766','0.83757','18.7411');
INSERT INTO public.mctor_samples (id_sample, id_location, type)
VALUES ('141','37','O');
INSERT INTO public.mctor_an_pb_isotopes (id_sample,id_analysis,pb_iso_208_206,pb_iso_207_206,pb_iso_206_204)
VALUES ('141','4','2.076381','0.837389','18.7291');
INSERT INTO public.mctor_samples (id_sample, id_location, type)
VALUES ('142','37','O');
INSERT INTO public.mctor_an_pb_isotopes (id_sample,id_analysis,pb_iso_208_206,pb_iso_207_206,pb_iso_206_204)
VALUES ('142','4','2.075208','0.837213','18.7233');
INSERT INTO public.mctor_samples (id_sample, id_location, type)
VALUES ('143','37','O');
INSERT INTO public.mctor_an_pb_isotopes (id_sample,id_analysis,pb_iso_208_206,pb_iso_207_206,pb_iso_206_204)
VALUES ('143','4','2.06674','0.83374','18.809');
INSERT INTO public.mctor_samples (id_sample, id_location, type)
VALUES ('144','37','O');
INSERT INTO public.mctor_an_pb_isotopes (id_sample,id_analysis,pb_iso_208_206,pb_iso_207_206,pb_iso_206_204)
VALUES ('144','4','2.06504','0.833055','18.8206');
INSERT INTO public.mctor_samples (id_sample, id_location, type)
VALUES ('145','37','O');
INSERT INTO public.mctor_an_pb_isotopes (id_sample,id_analysis,pb_iso_208_206,pb_iso_207_206,pb_iso_206_204)
VALUES ('145','4','2.066294','0.83391','18.7956');
INSERT INTO public.mctor_samples (id_sample, id_location, type)
VALUES ('146','37','O');
INSERT INTO public.mctor_an_pb_isotopes (id_sample,id_analysis,pb_iso_208_206,pb_iso_207_206,pb_iso_206_204)
VALUES ('146','4','2.06636','0.833624','18.8043');
INSERT INTO public.mctor_samples (id_sample, id_location, type)
VALUES ('147','37','O');
INSERT INTO public.mctor_an_pb_isotopes (id_sample,id_analysis,pb_iso_208_206,pb_iso_207_206,pb_iso_206_204)
VALUES ('147','4','2.06637','0.833561','18.8067');
INSERT INTO public.mctor_samples (id_sample, id_location, type)
VALUES ('148','37','O');
INSERT INTO public.mctor_an_pb_isotopes (id_sample,id_analysis,pb_iso_208_206,pb_iso_207_206,pb_iso_206_204)
VALUES ('148','4','2.06731','0.83393','18.8074');
INSERT INTO public.mctor_samples (id_sample, id_location, type)
VALUES ('149','37','O');
INSERT INTO public.mctor_an_pb_isotopes (id_sample,id_analysis,pb_iso_208_206,pb_iso_207_206,pb_iso_206_204)
VALUES ('149','4','2.062517','0.832022','18.8416');
INSERT INTO public.mctor_samples (id_sample, id_location, type)
VALUES ('150','37','O');
INSERT INTO public.mctor_an_pb_isotopes (id_sample,id_analysis,pb_iso_208_206,pb_iso_207_206,pb_iso_206_204)
VALUES ('150','4','2.07269','0.83534','18.8204');
INSERT INTO public.mctor_samples (id_sample, id_location, type)
VALUES ('151','37','O');
INSERT INTO public.mctor_an_pb_isotopes (id_sample,id_analysis,pb_iso_208_206,pb_iso_207_206,pb_iso_206_204)
VALUES ('151','4','2.06571','0.8354','18.715');
INSERT INTO public.mctor_samples (id_sample, id_location, type)
VALUES ('152','37','O');
INSERT INTO public.mctor_an_pb_isotopes (id_sample,id_analysis,pb_iso_208_206,pb_iso_207_206,pb_iso_206_204)
VALUES ('152','4','2.06461','0.83456','18.705');
INSERT INTO public.mctor_samples (id_sample, id_location, type)
VALUES ('153','37','O');
INSERT INTO public.mctor_an_pb_isotopes (id_sample,id_analysis,pb_iso_208_206,pb_iso_207_206,pb_iso_206_204)
VALUES ('153','4','2.07315','0.83748','18.69');
INSERT INTO public.mctor_locations (id_location,level_value)
VALUES ('38','Perda S’Oliu');
INSERT INTO service.mctor_loc_political (town,region,country,continent)
VALUES ('Fluminimaggiore (SU)','Sardinia','Italy','Europe');
INSERT INTO public.mctor_samples (id_sample, id_location, type)
VALUES ('154','38','O');
INSERT INTO public.mctor_an_pb_isotopes (id_sample,id_analysis,pb_iso_208_206,pb_iso_207_206,pb_iso_206_204)
VALUES ('154','4','2.10894','0.86284','18.136');
INSERT INTO public.mctor_samples (id_sample, id_location, type)
VALUES ('155','38','O');
INSERT INTO public.mctor_an_pb_isotopes (id_sample,id_analysis,pb_iso_208_206,pb_iso_207_206,pb_iso_206_204)
VALUES ('155','4','2.1137','0.8646','18.165');
INSERT INTO public.mctor_samples (id_sample, id_location, type)
VALUES ('156','38','O');
INSERT INTO public.mctor_an_pb_isotopes (id_sample,id_analysis,pb_iso_208_206,pb_iso_207_206,pb_iso_206_204)
VALUES ('156','4','2.10799','0.86311','18.124');
INSERT INTO public.mctor_samples (id_sample, id_location, type)
VALUES ('157','38','O');
INSERT INTO public.mctor_an_pb_isotopes (id_sample,id_analysis,pb_iso_208_206,pb_iso_207_206,pb_iso_206_204)
VALUES ('157','4','2.11063','0.864187','18.107855');
INSERT INTO public.mctor_samples (id_sample, id_location, type)
VALUES ('158','38','O');
INSERT INTO public.mctor_an_pb_isotopes (id_sample,id_analysis,pb_iso_208_206,pb_iso_207_206,pb_iso_206_204)
VALUES ('158','4','2.10618','0.86276','18.105');
INSERT INTO public.mctor_samples (id_sample, id_location, type)
VALUES ('159','38','O');
INSERT INTO public.mctor_an_pb_isotopes (id_sample,id_analysis,pb_iso_208_206,pb_iso_207_206,pb_iso_206_204)
VALUES ('159','4','2.116402','0.866296','18.0925');
INSERT INTO public.mctor_samples (id_sample, id_location, type)
VALUES ('160','38','O');
INSERT INTO public.mctor_an_pb_isotopes (id_sample,id_analysis,pb_iso_208_206,pb_iso_207_206,pb_iso_206_204)
VALUES ('160','4','2.11005','0.86536','18.059');
INSERT INTO public.mctor_samples (id_sample, id_location, type)
VALUES ('161','38','O');
INSERT INTO public.mctor_an_pb_isotopes (id_sample,id_analysis,pb_iso_208_206,pb_iso_207_206,pb_iso_206_204)
VALUES ('161','4','2.1171','0.8666','18.095');
INSERT INTO public.mctor_samples (id_sample, id_location, type)
VALUES ('162','38','O');
INSERT INTO public.mctor_an_pb_isotopes (id_sample,id_analysis,pb_iso_208_206,pb_iso_207_206,pb_iso_206_204)
VALUES ('162','4','2.10625','0.86334','18.103');
INSERT INTO public.mctor_samples (id_sample, id_location, type)
VALUES ('163','38','O');
INSERT INTO public.mctor_an_pb_isotopes (id_sample,id_analysis,pb_iso_208_206,pb_iso_207_206,pb_iso_206_204)
VALUES ('163','4','2.111957','0.8641837','18.1478');
INSERT INTO public.mctor_samples (id_sample, id_location, type)
VALUES ('164','38','O');
INSERT INTO public.mctor_an_pb_isotopes (id_sample,id_analysis,pb_iso_208_206,pb_iso_207_206,pb_iso_206_204)
VALUES ('164','4','2.10937','0.86418','18.123');
INSERT INTO public.mctor_locations (id_location,level_value)
VALUES ('39','Su Zurfuru');
INSERT INTO service.mctor_loc_political (town,region,country,continent)
VALUES ('Fluminimaggiore (SU)','Sardinia','Italy','Europe');
INSERT INTO public.mctor_samples (id_sample, id_location, type)
VALUES ('165','39','O');
INSERT INTO public.mctor_an_pb_isotopes (id_sample,id_analysis,pb_iso_208_206,pb_iso_207_206,pb_iso_206_204)
VALUES ('165','1','2.12335','0.87086','18.023');
INSERT INTO public.mctor_samples (id_sample, id_location, type)
VALUES ('166','39','O');
INSERT INTO public.mctor_an_pb_isotopes (id_sample,id_analysis,pb_iso_208_206,pb_iso_207_206,pb_iso_206_204)
VALUES ('166','1','2.12011','0.87126','17.984');
INSERT INTO public.mctor_samples (id_sample, id_location, type)
VALUES ('167','39','O');
INSERT INTO public.mctor_an_pb_isotopes (id_sample,id_analysis,pb_iso_208_206,pb_iso_207_206,pb_iso_206_204)
VALUES ('167','1','2.11767','0.87098','17.952');
INSERT INTO public.mctor_samples (id_sample, id_location, type)
VALUES ('168','22','O');
INSERT INTO public.mctor_an_pb_isotopes (id_sample,id_analysis,pb_iso_208_206,pb_iso_207_206,pb_iso_206_204)
VALUES ('168','1','2.11931','0.87357','17.88');
INSERT INTO public.mctor_samples (id_sample, id_location, type)
VALUES ('169','22','O');
INSERT INTO public.mctor_an_pb_isotopes (id_sample,id_analysis,pb_iso_208_206,pb_iso_207_206,pb_iso_206_204)
VALUES ('169','1','2.1205','0.87387','17.889');
INSERT INTO public.mctor_locations (id_location,level_value)
VALUES ('40','Coremò');
INSERT INTO service.mctor_loc_political (town,region,country,continent)
VALUES ('Iglesias (SU)','Sardinia','Italy','Europe');
INSERT INTO public.mctor_samples (id_sample, id_location, type)
VALUES ('170','40','O');
INSERT INTO public.mctor_an_pb_isotopes (id_sample,id_analysis,pb_iso_208_206,pb_iso_207_206,pb_iso_206_204)
VALUES ('170','1','2.12269','0.87421','17.909');
INSERT INTO public.mctor_samples (id_sample, id_location, type)
VALUES ('171','40','O');
INSERT INTO public.mctor_an_pb_isotopes (id_sample,id_analysis,pb_iso_208_206,pb_iso_207_206,pb_iso_206_204)
VALUES ('171','1','2.12304','0.87436','17.898');
INSERT INTO public.mctor_samples (id_sample, id_location, type)
VALUES ('172','40','O');
INSERT INTO public.mctor_an_pb_isotopes (id_sample,id_analysis,pb_iso_208_206,pb_iso_207_206,pb_iso_206_204)
VALUES ('172','1','2.1263','0.87468','17.921');
INSERT INTO public.mctor_locations (id_location,level_value)
VALUES ('41','Fenugu Sibiri');
INSERT INTO service.mctor_loc_political (town,region,country,continent)
VALUES ('Gonnosfanadiga (SU)','Sardinia','Italy','Europe');
INSERT INTO public.mctor_samples (id_sample, id_location, type)
VALUES ('173','41','O');
INSERT INTO public.mctor_an_pb_isotopes (id_sample,id_analysis,pb_iso_208_206,pb_iso_207_206,pb_iso_206_204)
VALUES ('173','1','2.11009','0.86312','18.179');
INSERT INTO public.mctor_samples (id_sample, id_location, type)
VALUES ('174','41','O');
INSERT INTO public.mctor_an_pb_isotopes (id_sample,id_analysis,pb_iso_208_206,pb_iso_207_206,pb_iso_206_204)
VALUES ('174','1','2.105337','0.85877','18.2332');
INSERT INTO public.mctor_samples (id_sample, id_location, type)
VALUES ('175','41','O');
INSERT INTO public.mctor_an_pb_isotopes (id_sample,id_analysis,pb_iso_208_206,pb_iso_207_206,pb_iso_206_204)
VALUES ('175','1','2.10092','0.85854','18.214');
INSERT INTO public.mctor_samples (id_sample, id_location, type)
VALUES ('176','41','O');
INSERT INTO public.mctor_an_pb_isotopes (id_sample,id_analysis,pb_iso_208_206,pb_iso_207_206,pb_iso_206_204)
VALUES ('176','1','2.10246','0.85843','18.229');
INSERT INTO public.mctor_samples (id_sample, id_location, type)
VALUES ('177','41','O');
INSERT INTO public.mctor_an_pb_isotopes (id_sample,id_analysis,pb_iso_208_206,pb_iso_207_206,pb_iso_206_204)
VALUES ('177','1','2.10961','0.86379','18.131');
INSERT INTO public.mctor_samples (id_sample, id_location, type)
VALUES ('178','41','O');
INSERT INTO public.mctor_an_pb_isotopes (id_sample,id_analysis,pb_iso_208_206,pb_iso_207_206,pb_iso_206_204)
VALUES ('178','1','2.107154','0.85937','18.2516');
INSERT INTO public.mctor_samples (id_sample, id_location, type)
VALUES ('179','41','O');
INSERT INTO public.mctor_an_pb_isotopes (id_sample,id_analysis,pb_iso_208_206,pb_iso_207_206,pb_iso_206_204)
VALUES ('179','1','2.10366','0.85875','18.251');
INSERT INTO public.mctor_samples (id_sample, id_location, type)
VALUES ('180','41','O');
INSERT INTO public.mctor_an_pb_isotopes (id_sample,id_analysis,pb_iso_208_206,pb_iso_207_206,pb_iso_206_204)
VALUES ('180','1','2.10256','0.85886','18.231');
INSERT INTO public.mctor_samples (id_sample, id_location, type)
VALUES ('181','41','O');
INSERT INTO public.mctor_an_pb_isotopes (id_sample,id_analysis,pb_iso_208_206,pb_iso_207_206,pb_iso_206_204)
VALUES ('181','1','2.10412','0.86014','18.2238');
INSERT INTO public.mctor_samples (id_sample, id_location, type)
VALUES ('182','41','O');
INSERT INTO public.mctor_an_pb_isotopes (id_sample,id_analysis,pb_iso_208_206,pb_iso_207_206,pb_iso_206_204)
VALUES ('182','1','2.10297','0.85845','18.252');
INSERT INTO public.mctor_samples (id_sample, id_location, type)
VALUES ('183','41','O');
INSERT INTO public.mctor_an_pb_isotopes (id_sample,id_analysis,pb_iso_208_206,pb_iso_207_206,pb_iso_206_204)
VALUES ('183','1','2.104379','0.85898','18.252');
INSERT INTO public.mctor_samples (id_sample, id_location, type)
VALUES ('184','41','O');
INSERT INTO public.mctor_an_pb_isotopes (id_sample,id_analysis,pb_iso_208_206,pb_iso_207_206,pb_iso_206_204)
VALUES ('184','1','2.10326','0.85896','18.255');
INSERT INTO public.mctor_samples (id_sample, id_location, type)
VALUES ('185','41','O');
INSERT INTO public.mctor_an_pb_isotopes (id_sample,id_analysis,pb_iso_208_206,pb_iso_207_206,pb_iso_206_204)
VALUES ('185','1','2.1036','0.85896','18.241');
INSERT INTO public.mctor_samples (id_sample, id_location, type)
VALUES ('186','41','O');
INSERT INTO public.mctor_an_pb_isotopes (id_sample,id_analysis,pb_iso_208_206,pb_iso_207_206,pb_iso_206_204)
VALUES ('186','1','2.10155','0.85886','18.26');
INSERT INTO public.mctor_samples (id_sample, id_location, type)
VALUES ('187','41','O');
INSERT INTO public.mctor_an_pb_isotopes (id_sample,id_analysis,pb_iso_208_206,pb_iso_207_206,pb_iso_206_204)
VALUES ('187','1','2.103817','0.85907','18.23198');
INSERT INTO public.mctor_samples (id_sample, id_location, type)
VALUES ('188','41','O');
INSERT INTO public.mctor_an_pb_isotopes (id_sample,id_analysis,pb_iso_208_206,pb_iso_207_206,pb_iso_206_204)
VALUES ('188','1','2.106776','0.86066','18.20844');
INSERT INTO public.mctor_samples (id_sample, id_location, type)
VALUES ('189','41','O');
INSERT INTO public.mctor_an_pb_isotopes (id_sample,id_analysis,pb_iso_208_206,pb_iso_207_206,pb_iso_206_204)
VALUES ('189','1','2.10717','0.86265','18.13');
INSERT INTO public.mctor_samples (id_sample, id_location, type)
VALUES ('190','41','O');
INSERT INTO public.mctor_an_pb_isotopes (id_sample,id_analysis,pb_iso_208_206,pb_iso_207_206,pb_iso_206_204)
VALUES ('190','1','2.10898','0.86279','18.158');
INSERT INTO public.mctor_samples (id_sample, id_location, type)
VALUES ('191','41','O');
INSERT INTO public.mctor_an_pb_isotopes (id_sample,id_analysis,pb_iso_208_206,pb_iso_207_206,pb_iso_206_204)
VALUES ('191','1','2.10696','0.86086','18.2133');
INSERT INTO public.mctor_samples (id_sample, id_location, type)
VALUES ('192','41','O');
INSERT INTO public.mctor_an_pb_isotopes (id_sample,id_analysis,pb_iso_208_206,pb_iso_207_206,pb_iso_206_204)
VALUES ('192','1','2.10388','0.8593','18.216');
INSERT INTO public.mctor_samples (id_sample, id_location, type)
VALUES ('193','41','O');
INSERT INTO public.mctor_an_pb_isotopes (id_sample,id_analysis,pb_iso_208_206,pb_iso_207_206,pb_iso_206_204)
VALUES ('193','1','2.10384','0.85923','18.224');
INSERT INTO public.mctor_samples (id_sample, id_location, type)
VALUES ('194','41','O');
INSERT INTO public.mctor_an_pb_isotopes (id_sample,id_analysis,pb_iso_208_206,pb_iso_207_206,pb_iso_206_204)
VALUES ('194','1','2.10308','0.86013','18.209');
INSERT INTO public.mctor_samples (id_sample, id_location, type)
VALUES ('195','41','O');
INSERT INTO public.mctor_an_pb_isotopes (id_sample,id_analysis,pb_iso_208_206,pb_iso_207_206,pb_iso_206_204)
VALUES ('195','1','2.10477','0.86078','18.241');
INSERT INTO public.mctor_samples (id_sample, id_location, type)
VALUES ('196','41','O');
INSERT INTO public.mctor_an_pb_isotopes (id_sample,id_analysis,pb_iso_208_206,pb_iso_207_206,pb_iso_206_204)
VALUES ('196','1','2.10575','0.859547','18.250415');
INSERT INTO public.mctor_samples (id_sample, id_location, type)
VALUES ('197','41','O');
INSERT INTO public.mctor_an_pb_isotopes (id_sample,id_analysis,pb_iso_208_206,pb_iso_207_206,pb_iso_206_204)
VALUES ('197','1','2.10936','0.86364','18.14');
INSERT INTO public.mctor_samples (id_sample, id_location, type)
VALUES ('198','41','O');
INSERT INTO public.mctor_an_pb_isotopes (id_sample,id_analysis,pb_iso_208_206,pb_iso_207_206,pb_iso_206_204)
VALUES ('198','1','2.104296','0.85964','18.207');
INSERT INTO public.mctor_locations (id_location,level_value)
VALUES ('42','Malacalzetta');
INSERT INTO service.mctor_loc_political (town,region,country,continent)
VALUES ('Iglesias (SU)','Sardinia','Italy','Europe');
INSERT INTO public.mctor_samples (id_sample, id_location, type)
VALUES ('199','42','O');
INSERT INTO public.mctor_an_pb_isotopes (id_sample,id_analysis,pb_iso_208_206,pb_iso_207_206,pb_iso_206_204)
VALUES ('199','4','2.11736','0.86791','18.075');
INSERT INTO public.mctor_samples (id_sample, id_location, type)
VALUES ('200','42','O');
INSERT INTO public.mctor_an_pb_isotopes (id_sample,id_analysis,pb_iso_208_206,pb_iso_207_206,pb_iso_206_204)
VALUES ('200','4','2.12148','0.86953','18.062');
INSERT INTO public.mctor_samples (id_sample, id_location, type)
VALUES ('201','42','O');
INSERT INTO public.mctor_an_pb_isotopes (id_sample,id_analysis,pb_iso_208_206,pb_iso_207_206,pb_iso_206_204)
VALUES ('201','4','2.11936','0.8691','18.044');
INSERT INTO public.mctor_locations (id_location,level_value)
VALUES ('43','Monteponi');
INSERT INTO service.mctor_loc_political (town,region,country,continent)
VALUES ('Iglesias (SU)','Sardinia','Italy','Europe');
INSERT INTO public.mctor_an_meta (id_analysis, team)
VALUES ('11','BM NH');
INSERT INTO public.mctor_samples (id_sample, id_location, type)
VALUES ('202','43','O');
INSERT INTO public.mctor_an_pb_isotopes (id_sample,id_analysis,pb_iso_208_206,pb_iso_207_206,pb_iso_206_204)
VALUES ('202','11','2.12188','0.87442','17.915');
INSERT INTO public.mctor_samples (id_sample, id_location, type)
VALUES ('203','43','O');
INSERT INTO public.mctor_an_pb_isotopes (id_sample,id_analysis,pb_iso_208_206,pb_iso_207_206,pb_iso_206_204)
VALUES ('203','1','2.12225','0.87424','17.885');
INSERT INTO public.mctor_samples (id_sample, id_location, type)
VALUES ('204','43','O');
INSERT INTO public.mctor_an_pb_isotopes (id_sample,id_analysis,pb_iso_208_206,pb_iso_207_206,pb_iso_206_204)
VALUES ('204','1','2.12255','0.87455','17.89');
INSERT INTO public.mctor_locations (id_location,level_value)
VALUES ('44','Nieddoris');
INSERT INTO service.mctor_loc_political (town,region,country,continent)
VALUES ('Fluminimaggiore (SU)','Sardinia','Italy','Europe');
INSERT INTO public.mctor_samples (id_sample, id_location, type)
VALUES ('205','44','O');
INSERT INTO public.mctor_an_pb_isotopes (id_sample,id_analysis,pb_iso_208_206,pb_iso_207_206,pb_iso_206_204)
VALUES ('205','4','2.11523','0.86837','18.006');
INSERT INTO public.mctor_samples (id_sample, id_location, type)
VALUES ('206','44','O');
INSERT INTO public.mctor_an_pb_isotopes (id_sample,id_analysis,pb_iso_208_206,pb_iso_207_206,pb_iso_206_204)
VALUES ('206','4','2.10944','0.86278','18.139');
INSERT INTO public.mctor_samples (id_sample, id_location, type)
VALUES ('207','44','O');
INSERT INTO public.mctor_an_pb_isotopes (id_sample,id_analysis,pb_iso_208_206,pb_iso_207_206,pb_iso_206_204)
VALUES ('207','4','2.11098','0.86264','18.159');
INSERT INTO public.mctor_samples (id_sample, id_location, type)
VALUES ('208','44','O');
INSERT INTO public.mctor_an_pb_isotopes (id_sample,id_analysis,pb_iso_208_206,pb_iso_207_206,pb_iso_206_204)
VALUES ('208','4','2.10853','0.86228','18.156');
INSERT INTO public.mctor_samples (id_sample, id_location, type)
VALUES ('209','31','O');
INSERT INTO public.mctor_an_pb_isotopes (id_sample,id_analysis,pb_iso_208_206,pb_iso_207_206,pb_iso_206_204)
VALUES ('209','10','2.12306','0.87434','17.895');
INSERT INTO public.mctor_samples (id_sample, id_location, type)
VALUES ('210','31','O');
INSERT INTO public.mctor_an_pb_isotopes (id_sample,id_analysis,pb_iso_208_206,pb_iso_207_206,pb_iso_206_204)
VALUES ('210','4','2.12304','0.87401','17.903');
INSERT INTO public.mctor_samples (id_sample, id_location, type)
VALUES ('211','31','O');
INSERT INTO public.mctor_an_pb_isotopes (id_sample,id_analysis,pb_iso_208_206,pb_iso_207_206,pb_iso_206_204)
VALUES ('211','4','2.12025','0.87406','17.869');
INSERT INTO public.mctor_samples (id_sample, id_location, type)
VALUES ('212','31','O');
INSERT INTO public.mctor_an_pb_isotopes (id_sample,id_analysis,pb_iso_208_206,pb_iso_207_206,pb_iso_206_204)
VALUES ('212','4','2.12451','0.87465','17.9');
INSERT INTO public.mctor_samples (id_sample, id_location, type)
VALUES ('213','31','O');
INSERT INTO public.mctor_an_pb_isotopes (id_sample,id_analysis,pb_iso_208_206,pb_iso_207_206,pb_iso_206_204)
VALUES ('213','4','2.1187','0.87367','17.867');
INSERT INTO public.mctor_samples (id_sample, id_location, type)
VALUES ('214','31','O');
INSERT INTO public.mctor_an_pb_isotopes (id_sample,id_analysis,pb_iso_208_206,pb_iso_207_206,pb_iso_206_204)
VALUES ('214','4','2.11512','0.8689','18.006');
INSERT INTO public.mctor_samples (id_sample, id_location, type)
VALUES ('215','31','O');
INSERT INTO public.mctor_an_pb_isotopes (id_sample,id_analysis,pb_iso_208_206,pb_iso_207_206,pb_iso_206_204)
VALUES ('215','4','2.11947','0.87377','17.87');
INSERT INTO public.mctor_locations (id_location,level_value)
VALUES ('45','Genna Olidone');
INSERT INTO service.mctor_loc_political (town,region,country,continent)
VALUES ('Triei (NU)','Sardinia','Italy','Europe');
INSERT INTO public.mctor_samples (id_sample, id_location, type)
VALUES ('216','45','O');
INSERT INTO public.mctor_an_pb_isotopes (id_sample,id_analysis,pb_iso_208_206,pb_iso_207_206,pb_iso_206_204)
VALUES ('216','1','2.10207','0.8567','18.272');
INSERT INTO public.mctor_samples (id_sample, id_location, type)
VALUES ('217','45','O');
INSERT INTO public.mctor_an_pb_isotopes (id_sample,id_analysis,pb_iso_208_206,pb_iso_207_206,pb_iso_206_204)
VALUES ('217','1','2.10017','0.85648','18.265');
INSERT INTO public.mctor_samples (id_sample, id_location, type)
VALUES ('218','45','O');
INSERT INTO public.mctor_an_pb_isotopes (id_sample,id_analysis,pb_iso_208_206,pb_iso_207_206,pb_iso_206_204)
VALUES ('218','1','2.10328','0.85699','18.277');
INSERT INTO public.mctor_locations (id_location,level_value)
VALUES ('46','Arenas');
INSERT INTO service.mctor_loc_political (town,region,country,continent)
VALUES ('Fluminimaggiore (SU)','Sardinia','Italy','Europe');
INSERT INTO public.mctor_samples (id_sample, id_location, type)
VALUES ('219','46','O');
INSERT INTO public.mctor_an_pb_isotopes (id_sample,id_analysis,pb_iso_208_206,pb_iso_207_206,pb_iso_206_204)
VALUES ('219','1','2.1095','0.86377','18.114');
INSERT INTO public.mctor_samples (id_sample, id_location, type)
VALUES ('220','46','O');
INSERT INTO public.mctor_an_pb_isotopes (id_sample,id_analysis,pb_iso_208_206,pb_iso_207_206,pb_iso_206_204)
VALUES ('220','1','2.11231','0.86376','18.157');
INSERT INTO public.mctor_samples (id_sample, id_location, type)
VALUES ('221','46','O');
INSERT INTO public.mctor_an_pb_isotopes (id_sample,id_analysis,pb_iso_208_206,pb_iso_207_206,pb_iso_206_204)
VALUES ('221','1','2.11032','0.86398','18.117');
INSERT INTO public.mctor_samples (id_sample, id_location, type)
VALUES ('222','46','O');
INSERT INTO public.mctor_an_pb_isotopes (id_sample,id_analysis,pb_iso_208_206,pb_iso_207_206,pb_iso_206_204)
VALUES ('222','1','2.10958','0.86431','18.1');
INSERT INTO public.mctor_samples (id_sample, id_location, type)
VALUES ('223','46','O');
INSERT INTO public.mctor_an_pb_isotopes (id_sample,id_analysis,pb_iso_208_206,pb_iso_207_206,pb_iso_206_204)
VALUES ('223','1','2.11169','0.86415','18.118');
INSERT INTO public.mctor_locations (id_location,level_value)
VALUES ('47','Sa Duchessa');
INSERT INTO service.mctor_loc_political (town,region,country,continent)
VALUES ('Domusnovas (SU)','Sardinia','Italy','Europe');
INSERT INTO public.mctor_samples (id_sample, id_location, type)
VALUES ('224','47','O');
INSERT INTO public.mctor_an_pb_isotopes (id_sample,id_analysis,pb_iso_208_206,pb_iso_207_206,pb_iso_206_204)
VALUES ('224','1','2.11605','0.87063','17.946');
INSERT INTO public.mctor_samples (id_sample, id_location, type)
VALUES ('225','47','O');
INSERT INTO public.mctor_an_pb_isotopes (id_sample,id_analysis,pb_iso_208_206,pb_iso_207_206,pb_iso_206_204)
VALUES ('225','1','2.12768','0.87412','17.926');
INSERT INTO public.mctor_samples (id_sample, id_location, type)
VALUES ('226','47','O');
INSERT INTO public.mctor_an_pb_isotopes (id_sample,id_analysis,pb_iso_208_206,pb_iso_207_206,pb_iso_206_204)
VALUES ('226','1','2.11834','0.87269','17.9');
INSERT INTO public.mctor_samples (id_sample, id_location, type)
VALUES ('227','47','O');
INSERT INTO public.mctor_an_pb_isotopes (id_sample,id_analysis,pb_iso_208_206,pb_iso_207_206,pb_iso_206_204)
VALUES ('227','1','2.12137','0.87301','17.921');
INSERT INTO public.mctor_locations (id_location,level_value)
VALUES ('48','Tuviois');
INSERT INTO service.mctor_loc_political (town,region,country,continent)
VALUES ('Sinnai (CA)','Sardinia','Italy','Europe');
INSERT INTO public.mctor_samples (id_sample, id_location, type)
VALUES ('228','48','O');
INSERT INTO public.mctor_an_pb_isotopes (id_sample,id_analysis,pb_iso_208_206,pb_iso_207_206,pb_iso_206_204)
VALUES ('228','4','2.09841','0.85289','18.377');
INSERT INTO public.mctor_samples (id_sample, id_location, type)
VALUES ('229','48','O');
INSERT INTO public.mctor_an_pb_isotopes (id_sample,id_analysis,pb_iso_208_206,pb_iso_207_206,pb_iso_206_204)
VALUES ('229','4','2.10051','0.85332','18.395');
INSERT INTO public.mctor_locations (id_location,level_value)
VALUES ('49','Is Luas (?)');
INSERT INTO service.mctor_loc_political (town,region,country,continent)
VALUES ('Giba (SU)','Sardinia','Italy','Europe');
INSERT INTO public.mctor_samples (id_sample, id_location, type)
VALUES ('230','49','O');
INSERT INTO public.mctor_an_pb_isotopes (id_sample,id_analysis,pb_iso_208_206,pb_iso_207_206,pb_iso_206_204)
VALUES ('230','1','2.10023','0.85892','18.196');
INSERT INTO public.mctor_samples (id_sample, id_location, type)
VALUES ('231','49','O');
INSERT INTO public.mctor_an_pb_isotopes (id_sample,id_analysis,pb_iso_208_206,pb_iso_207_206,pb_iso_206_204)
VALUES ('231','1','2.10297','0.8595','18.232');
INSERT INTO public.mctor_samples (id_sample, id_location, type)
VALUES ('232','49','O');
INSERT INTO public.mctor_an_pb_isotopes (id_sample,id_analysis,pb_iso_208_206,pb_iso_207_206,pb_iso_206_204)
VALUES ('232','1','2.10484','0.85959','18.206');
INSERT INTO public.mctor_samples (id_sample, id_location, type)
VALUES ('233','49','O');
INSERT INTO public.mctor_an_pb_isotopes (id_sample,id_analysis,pb_iso_208_206,pb_iso_207_206,pb_iso_206_204)
VALUES ('233','1','2.10477','0.85956','18.229');
INSERT INTO public.mctor_samples (id_sample, id_location, type)
VALUES ('234','49','O');
INSERT INTO public.mctor_an_pb_isotopes (id_sample,id_analysis,pb_iso_208_206,pb_iso_207_206,pb_iso_206_204)
VALUES ('234','1','2.10443','0.85949','18.227');
INSERT INTO public.mctor_samples (id_sample, id_location, type)
VALUES ('235','49','O');
INSERT INTO public.mctor_an_pb_isotopes (id_sample,id_analysis,pb_iso_208_206,pb_iso_207_206,pb_iso_206_204)
VALUES ('235','1','2.1051','0.85964','18.211');
INSERT INTO public.mctor_samples (id_sample, id_location, type)
VALUES ('236','49','O');
INSERT INTO public.mctor_an_pb_isotopes (id_sample,id_analysis,pb_iso_208_206,pb_iso_207_206,pb_iso_206_204)
VALUES ('236','1','2.1065655','0.8600669','18.264339');
INSERT INTO public.mctor_samples (id_sample, id_location, type)
VALUES ('237','49','O');
INSERT INTO public.mctor_an_pb_isotopes (id_sample,id_analysis,pb_iso_208_206,pb_iso_207_206,pb_iso_206_204)
VALUES ('237','1','2.10406','0.85947','18.205');
INSERT INTO public.mctor_samples (id_sample, id_location, type)
VALUES ('238','49','O');
INSERT INTO public.mctor_an_pb_isotopes (id_sample,id_analysis,pb_iso_208_206,pb_iso_207_206,pb_iso_206_204)
VALUES ('238','1','2.10482','0.85963','18.213');
INSERT INTO public.mctor_locations (id_location,level_value)
VALUES ('50','Rosas');
INSERT INTO service.mctor_loc_political (town,region,country,continent)
VALUES ('Narcao (SU)','Sardinia','Italy','Europe');
INSERT INTO public.mctor_samples (id_sample, id_location, type)
VALUES ('239','50','O');
INSERT INTO public.mctor_an_pb_isotopes (id_sample,id_analysis,pb_iso_208_206,pb_iso_207_206,pb_iso_206_204)
VALUES ('239','4','2.10075','0.85769','18.245');
INSERT INTO public.mctor_samples (id_sample, id_location, type)
VALUES ('240','50','O');
INSERT INTO public.mctor_an_pb_isotopes (id_sample,id_analysis,pb_iso_208_206,pb_iso_207_206,pb_iso_206_204)
VALUES ('240','4','2.10434','0.85856','18.243');
INSERT INTO public.mctor_samples (id_sample, id_location, type)
VALUES ('241','50','O');
INSERT INTO public.mctor_an_pb_isotopes (id_sample,id_analysis,pb_iso_208_206,pb_iso_207_206,pb_iso_206_204)
VALUES ('241','4','2.09861','0.85738','18.237');
INSERT INTO public.mctor_samples (id_sample, id_location, type)
VALUES ('242','50','O');
INSERT INTO public.mctor_an_pb_isotopes (id_sample,id_analysis,pb_iso_208_206,pb_iso_207_206,pb_iso_206_204)
VALUES ('242','4','2.09963','0.85769','18.247');
INSERT INTO public.mctor_samples (id_sample, id_location, type)
VALUES ('243','50','O');
INSERT INTO public.mctor_an_pb_isotopes (id_sample,id_analysis,pb_iso_208_206,pb_iso_207_206,pb_iso_206_204)
VALUES ('243','4','2.1024','0.85799','18.259');
INSERT INTO public.mctor_samples (id_sample, id_location, type)
VALUES ('244','50','O');
INSERT INTO public.mctor_an_pb_isotopes (id_sample,id_analysis,pb_iso_208_206,pb_iso_207_206,pb_iso_206_204)
VALUES ('244','4','2.09914','0.8574','18.246');
INSERT INTO public.mctor_samples (id_sample, id_location, type)
VALUES ('245','50','O');
INSERT INTO public.mctor_an_pb_isotopes (id_sample,id_analysis,pb_iso_208_206,pb_iso_207_206,pb_iso_206_204)
VALUES ('245','4','2.1006','0.85705','18.315');
INSERT INTO public.mctor_samples (id_sample, id_location, type)
VALUES ('246','50','O');
INSERT INTO public.mctor_an_pb_isotopes (id_sample,id_analysis,pb_iso_208_206,pb_iso_207_206,pb_iso_206_204)
VALUES ('246','4','2.10272','0.85814','18.283');
INSERT INTO public.mctor_samples (id_sample, id_location, type)
VALUES ('247','50','O');
INSERT INTO public.mctor_an_pb_isotopes (id_sample,id_analysis,pb_iso_208_206,pb_iso_207_206,pb_iso_206_204)
VALUES ('247','4','2.10182','0.85801','18.277');
INSERT INTO public.mctor_samples (id_sample, id_location, type)
VALUES ('248','50','O');
INSERT INTO public.mctor_an_pb_isotopes (id_sample,id_analysis,pb_iso_208_206,pb_iso_207_206,pb_iso_206_204)
VALUES ('248','4','2.1016271','0.8578507','18.276565');
INSERT INTO public.mctor_samples (id_sample, id_location, type)
VALUES ('249','50','O');
INSERT INTO public.mctor_an_pb_isotopes (id_sample,id_analysis,pb_iso_208_206,pb_iso_207_206,pb_iso_206_204)
VALUES ('249','4','2.1017021','0.8578788','18.277924');
INSERT INTO public.mctor_locations (id_location,level_value)
VALUES ('51','Sa Marchesa');
INSERT INTO service.mctor_loc_political (town,region,country,continent)
VALUES ('Nuxis (SU)','Sardinia','Italy','Europe');
INSERT INTO public.mctor_samples (id_sample, id_location, type)
VALUES ('250','51','O');
INSERT INTO public.mctor_an_pb_isotopes (id_sample,id_analysis,pb_iso_208_206,pb_iso_207_206,pb_iso_206_204)
VALUES ('250','10','2.09738','0.85779','18.22');
INSERT INTO public.mctor_samples (id_sample, id_location, type)
VALUES ('251','51','O');
INSERT INTO public.mctor_an_pb_isotopes (id_sample,id_analysis,pb_iso_208_206,pb_iso_207_206,pb_iso_206_204)
VALUES ('251','10','2.09564','0.85613','18.247');
INSERT INTO public.mctor_samples (id_sample, id_location, type)
VALUES ('252','51','O');
INSERT INTO public.mctor_an_pb_isotopes (id_sample,id_analysis,pb_iso_208_206,pb_iso_207_206,pb_iso_206_204)
VALUES ('252','10','2.09737','0.85698','18.29');
INSERT INTO public.mctor_samples (id_sample, id_location, type)
VALUES ('253','51','O');
INSERT INTO public.mctor_an_pb_isotopes (id_sample,id_analysis,pb_iso_208_206,pb_iso_207_206,pb_iso_206_204)
VALUES ('253','10','2.10101','0.85822','18.221');
INSERT INTO public.mctor_samples (id_sample, id_location, type)
VALUES ('254','51','O');
INSERT INTO public.mctor_an_pb_isotopes (id_sample,id_analysis,pb_iso_208_206,pb_iso_207_206,pb_iso_206_204)
VALUES ('254','10','2.09894','0.85667','18.288');
INSERT INTO public.mctor_locations (id_location,level_value)
VALUES ('52','Trubba Niedda');
INSERT INTO service.mctor_loc_political (town,region,country,continent)
VALUES ('Narcao (SU)','Sardinia','Italy','Europe');
INSERT INTO public.mctor_samples (id_sample, id_location, type)
VALUES ('255','52','O');
INSERT INTO public.mctor_an_pb_isotopes (id_sample,id_analysis,pb_iso_208_206,pb_iso_207_206,pb_iso_206_204)
VALUES ('255','1','2.09804','0.85724','18.232');
INSERT INTO public.mctor_samples (id_sample, id_location, type)
VALUES ('256','52','O');
INSERT INTO public.mctor_an_pb_isotopes (id_sample,id_analysis,pb_iso_208_206,pb_iso_207_206,pb_iso_206_204)
VALUES ('256','1','2.10014','0.85767','18.25');
INSERT INTO public.mctor_samples (id_sample, id_location, type)
VALUES ('257','52','O');
INSERT INTO public.mctor_an_pb_isotopes (id_sample,id_analysis,pb_iso_208_206,pb_iso_207_206,pb_iso_206_204)
VALUES ('257','1','2.10203','0.858115','18.273488');
INSERT INTO public.mctor_samples (id_sample, id_location, type)
VALUES ('258','52','O');
INSERT INTO public.mctor_an_pb_isotopes (id_sample,id_analysis,pb_iso_208_206,pb_iso_207_206,pb_iso_206_204)
VALUES ('258','1','2.101384','0.858027','18.270413');
INSERT INTO public.mctor_samples (id_sample, id_location, type)
VALUES ('259','52','O');
INSERT INTO public.mctor_an_pb_isotopes (id_sample,id_analysis,pb_iso_208_206,pb_iso_207_206,pb_iso_206_204)
VALUES ('259','1','2.10878','0.858434','18.280735');
INSERT INTO public.mctor_locations (id_location,level_value)
VALUES ('53','Ballarino');
INSERT INTO service.mctor_loc_political (town,region,country,continent)
VALUES ('Montieri (GR)','Tuscany','Italy','Europe');
INSERT INTO public.mctor_samples (id_sample, id_location, type)
VALUES ('260','53','O');
INSERT INTO public.mctor_an_pb_isotopes (id_sample,id_analysis,pb_iso_208_206,pb_iso_207_206,pb_iso_206_204)
VALUES ('260','4','2.08414','0.83772','18.733');
INSERT INTO public.mctor_samples (id_sample, id_location, type)
VALUES ('261','53','O');
INSERT INTO public.mctor_an_pb_isotopes (id_sample,id_analysis,pb_iso_208_206,pb_iso_207_206,pb_iso_206_204)
VALUES ('261','4','2.0849','0.83799','18.739');
INSERT INTO public.mctor_samples (id_sample, id_location, type)
VALUES ('262','53','O');
INSERT INTO public.mctor_an_pb_isotopes (id_sample,id_analysis,pb_iso_208_206,pb_iso_207_206,pb_iso_206_204)
VALUES ('262','4','2.08533','0.83789','18.743');
INSERT INTO public.mctor_samples (id_sample, id_location, type)
VALUES ('263','53','O');
INSERT INTO public.mctor_an_pb_isotopes (id_sample,id_analysis,pb_iso_208_206,pb_iso_207_206,pb_iso_206_204)
VALUES ('263','4','2.08422','0.83779','18.728');
INSERT INTO public.mctor_locations (id_location,level_value)
VALUES ('54','Lanzi');
INSERT INTO service.mctor_loc_political (town,region,country,continent)
VALUES ('Campiglia Marittima (LI)','Tuscany','Italy','Europe');
INSERT INTO public.mctor_samples (id_sample, id_location, type)
VALUES ('264','54','O');
INSERT INTO public.mctor_an_pb_isotopes (id_sample,id_analysis,pb_iso_208_206,pb_iso_207_206,pb_iso_206_204)
VALUES ('264','4','2.08004','0.83696','18.78');
INSERT INTO public.mctor_samples (id_sample, id_location, type)
VALUES ('265','54','O');
INSERT INTO public.mctor_an_pb_isotopes (id_sample,id_analysis,pb_iso_208_206,pb_iso_207_206,pb_iso_206_204)
VALUES ('265','4','2.0794','0.8367','18.756');
INSERT INTO public.mctor_samples (id_sample, id_location, type)
VALUES ('266','54','O');
INSERT INTO public.mctor_an_pb_isotopes (id_sample,id_analysis,pb_iso_208_206,pb_iso_207_206,pb_iso_206_204)
VALUES ('266','4','2.07809','0.83635','18.758');
INSERT INTO public.mctor_samples (id_sample, id_location, type)
VALUES ('267','54','O');
INSERT INTO public.mctor_an_pb_isotopes (id_sample,id_analysis,pb_iso_208_206,pb_iso_207_206,pb_iso_206_204)
VALUES ('267','4','2.07921','0.83662','18.763');
INSERT INTO public.mctor_locations (id_location,level_value)
VALUES ('55','Temperino');
INSERT INTO service.mctor_loc_political (town,region,country,continent)
VALUES ('Campiglia Marittima (LI)','Tuscany','Italy','Europe');
INSERT INTO public.mctor_samples (id_sample, id_location, type)
VALUES ('268','55','O');
INSERT INTO public.mctor_an_pb_isotopes (id_sample,id_analysis,pb_iso_208_206,pb_iso_207_206,pb_iso_206_204)
VALUES ('268','4','2.07849','0.83661','18.753');
INSERT INTO public.mctor_samples (id_sample, id_location, type)
VALUES ('269','55','O');
INSERT INTO public.mctor_an_pb_isotopes (id_sample,id_analysis,pb_iso_208_206,pb_iso_207_206,pb_iso_206_204)
VALUES ('269','4','2.07772','0.83645','18.746');
INSERT INTO public.mctor_samples (id_sample, id_location, type)
VALUES ('270','55','O');
INSERT INTO public.mctor_an_pb_isotopes (id_sample,id_analysis,pb_iso_208_206,pb_iso_207_206,pb_iso_206_204)
VALUES ('270','4','2.07841','0.83626','18.761');
INSERT INTO public.mctor_samples (id_sample, id_location, type)
VALUES ('271','55','O');
INSERT INTO public.mctor_an_pb_isotopes (id_sample,id_analysis,pb_iso_208_206,pb_iso_207_206,pb_iso_206_204)
VALUES ('271','4','2.07803','0.83642','18.749');
INSERT INTO public.mctor_samples (id_sample, id_location, type)
VALUES ('272','55','O');
INSERT INTO public.mctor_an_pb_isotopes (id_sample,id_analysis,pb_iso_208_206,pb_iso_207_206,pb_iso_206_204)
VALUES ('272','4','2.07945','0.83704','18.741');
INSERT INTO public.mctor_samples (id_sample, id_location, type)
VALUES ('273','55','O');
INSERT INTO public.mctor_an_pb_isotopes (id_sample,id_analysis,pb_iso_208_206,pb_iso_207_206,pb_iso_206_204)
VALUES ('273','4','2.0784','0.83653','18.75');
INSERT INTO public.mctor_samples (id_sample, id_location, type)
VALUES ('274','55','O');
INSERT INTO public.mctor_an_pb_isotopes (id_sample,id_analysis,pb_iso_208_206,pb_iso_207_206,pb_iso_206_204)
VALUES ('274','4','2.08161','0.83681','18.788');
INSERT INTO public.mctor_samples (id_sample, id_location, type)
VALUES ('275','55','O');
INSERT INTO public.mctor_an_pb_isotopes (id_sample,id_analysis,pb_iso_208_206,pb_iso_207_206,pb_iso_206_204)
VALUES ('275','4','2.07941','0.83681','18.752');
INSERT INTO public.mctor_locations (id_location,level_value)
VALUES ('56','Baciolo');
INSERT INTO service.mctor_loc_political (town,region,country,continent)
VALUES ('Montieri (GR)','Tuscany','Italy','Europe');
INSERT INTO public.mctor_samples (id_sample, id_location, type)
VALUES ('276','56','O');
INSERT INTO public.mctor_an_pb_isotopes (id_sample,id_analysis,pb_iso_208_206,pb_iso_207_206,pb_iso_206_204)
VALUES ('276','4','2.08428','0.83774','18.692');
INSERT INTO public.mctor_samples (id_sample, id_location, type)
VALUES ('277','56','O');
INSERT INTO public.mctor_an_pb_isotopes (id_sample,id_analysis,pb_iso_208_206,pb_iso_207_206,pb_iso_206_204)
VALUES ('277','4','2.08456','0.83791','18.706');
INSERT INTO public.mctor_locations (id_location,level_value)
VALUES ('57','Campiano');
INSERT INTO service.mctor_loc_political (town,region,country,continent)
VALUES ('Montieri (GR)','Tuscany','Italy','Europe');
INSERT INTO public.mctor_samples (id_sample, id_location, type)
VALUES ('278','57','O');
INSERT INTO public.mctor_an_pb_isotopes (id_sample,id_analysis,pb_iso_208_206,pb_iso_207_206,pb_iso_206_204)
VALUES ('278','4','2.08508','0.83804','18.731');
INSERT INTO public.mctor_samples (id_sample, id_location, type)
VALUES ('279','57','O');
INSERT INTO public.mctor_an_pb_isotopes (id_sample,id_analysis,pb_iso_208_206,pb_iso_207_206,pb_iso_206_204)
VALUES ('279','4','2.08442','0.83798','18.737');
INSERT INTO public.mctor_samples (id_sample, id_location, type)
VALUES ('280','57','O');
INSERT INTO public.mctor_an_pb_isotopes (id_sample,id_analysis,pb_iso_208_206,pb_iso_207_206,pb_iso_206_204)
VALUES ('280','4','2.08561','0.83793','18.743');
INSERT INTO public.mctor_samples (id_sample, id_location, type)
VALUES ('281','57','O');
INSERT INTO public.mctor_an_pb_isotopes (id_sample,id_analysis,pb_iso_208_206,pb_iso_207_206,pb_iso_206_204)
VALUES ('281','4','2.08448','0.83782','18.731');
INSERT INTO public.mctor_samples (id_sample, id_location, type)
VALUES ('282','57','O');
INSERT INTO public.mctor_an_pb_isotopes (id_sample,id_analysis,pb_iso_208_206,pb_iso_207_206,pb_iso_206_204)
VALUES ('282','4','2.0832','0.83762','18.698');
INSERT INTO public.mctor_samples (id_sample, id_location, type)
VALUES ('283','57','O');
INSERT INTO public.mctor_an_pb_isotopes (id_sample,id_analysis,pb_iso_208_206,pb_iso_207_206,pb_iso_206_204)
VALUES ('283','4','2.08402','0.83784','18.721');
INSERT INTO public.mctor_samples (id_sample, id_location, type)
VALUES ('284','57','O');
INSERT INTO public.mctor_an_pb_isotopes (id_sample,id_analysis,pb_iso_208_206,pb_iso_207_206,pb_iso_206_204)
VALUES ('284','4','2.0861','0.83813','18.758');
INSERT INTO public.mctor_locations (id_location,level_value)
VALUES ('58','Capanne Vecchie');
INSERT INTO service.mctor_loc_political (town,region,country,continent)
VALUES ('Massa Marittima (GR)','Tuscany','Italy','Europe');
INSERT INTO public.mctor_samples (id_sample, id_location, type)
VALUES ('285','58','O');
INSERT INTO public.mctor_an_pb_isotopes (id_sample,id_analysis,pb_iso_208_206,pb_iso_207_206,pb_iso_206_204)
VALUES ('285','4','2.08307','0.83692','18.758');
INSERT INTO public.mctor_samples (id_sample, id_location, type)
VALUES ('286','58','O');
INSERT INTO public.mctor_an_pb_isotopes (id_sample,id_analysis,pb_iso_208_206,pb_iso_207_206,pb_iso_206_204)
VALUES ('286','4','2.08221','0.83659','18.756');
INSERT INTO public.mctor_samples (id_sample, id_location, type)
VALUES ('287','58','O');
INSERT INTO public.mctor_an_pb_isotopes (id_sample,id_analysis,pb_iso_208_206,pb_iso_207_206,pb_iso_206_204)
VALUES ('287','4','2.08258','0.83666','18.757');
INSERT INTO public.mctor_samples (id_sample, id_location, type)
VALUES ('288','58','O');
INSERT INTO public.mctor_an_pb_isotopes (id_sample,id_analysis,pb_iso_208_206,pb_iso_207_206,pb_iso_206_204)
VALUES ('288','4','2.0854','0.83709','18.788');
INSERT INTO public.mctor_samples (id_sample, id_location, type)
VALUES ('289','58','O');
INSERT INTO public.mctor_an_pb_isotopes (id_sample,id_analysis,pb_iso_208_206,pb_iso_207_206,pb_iso_206_204)
VALUES ('289','4','2.08207','0.83665','18.756');
INSERT INTO public.mctor_samples (id_sample, id_location, type)
VALUES ('290','58','O');
INSERT INTO public.mctor_an_pb_isotopes (id_sample,id_analysis,pb_iso_208_206,pb_iso_207_206,pb_iso_206_204)
VALUES ('290','4','2.08181','0.83671','18.753');
INSERT INTO public.mctor_locations (id_location,level_value)
VALUES ('59','La Pesta');
INSERT INTO service.mctor_loc_political (town,region,country,continent)
VALUES ('Massa Marittima (GR)','Tuscany','Italy','Europe');
INSERT INTO public.mctor_samples (id_sample, id_location, type)
VALUES ('291','59','O');
INSERT INTO public.mctor_an_pb_isotopes (id_sample,id_analysis,pb_iso_208_206,pb_iso_207_206,pb_iso_206_204)
VALUES ('291','4','2.08631','0.83751','18.815');
INSERT INTO public.mctor_samples (id_sample, id_location, type)
VALUES ('292','59','O');
INSERT INTO public.mctor_an_pb_isotopes (id_sample,id_analysis,pb_iso_208_206,pb_iso_207_206,pb_iso_206_204)
VALUES ('292','4','2.0845','0.83714','18.775');
INSERT INTO public.mctor_samples (id_sample, id_location, type)
VALUES ('293','59','O');
INSERT INTO public.mctor_an_pb_isotopes (id_sample,id_analysis,pb_iso_208_206,pb_iso_207_206,pb_iso_206_204)
VALUES ('293','4','2.08339','0.83676','18.774');
INSERT INTO public.mctor_samples (id_sample, id_location, type)
VALUES ('294','59','O');
INSERT INTO public.mctor_an_pb_isotopes (id_sample,id_analysis,pb_iso_208_206,pb_iso_207_206,pb_iso_206_204)
VALUES ('294','4','2.08642','0.83763','18.784');
INSERT INTO public.mctor_samples (id_sample, id_location, type)
VALUES ('295','59','O');
INSERT INTO public.mctor_an_pb_isotopes (id_sample,id_analysis,pb_iso_208_206,pb_iso_207_206,pb_iso_206_204)
VALUES ('295','4','2.08648','0.83765','18.775');
INSERT INTO public.mctor_locations (id_location,level_value)
VALUES ('60','***');
INSERT INTO service.mctor_loc_political (town,region,country,continent)
VALUES ('Montecatini Val di Cecina (PI)','Tuscany','Italy','Europe');
INSERT INTO public.mctor_samples (id_sample, id_location, type)
VALUES ('296','60','O');
INSERT INTO public.mctor_an_pb_isotopes (id_sample,id_analysis,pb_iso_208_206,pb_iso_207_206,pb_iso_206_204)
VALUES ('296','4','2.08718','0.85675','18.144');
INSERT INTO public.mctor_samples (id_sample, id_location, type)
VALUES ('297','60','O');
INSERT INTO public.mctor_an_pb_isotopes (id_sample,id_analysis,pb_iso_208_206,pb_iso_207_206,pb_iso_206_204)
VALUES ('297','4','2.09028','0.86138','17.994');
INSERT INTO public.mctor_samples (id_sample, id_location, type)
VALUES ('298','60','O');
INSERT INTO public.mctor_an_pb_isotopes (id_sample,id_analysis,pb_iso_208_206,pb_iso_207_206,pb_iso_206_204)
VALUES ('298','4','2.09096','0.86121','18.004');
